1,0.080676959,0.196996193,0.169297833,0.15850631,0.024914212,0.1729858,0.076426711,0.139421898,0.140247733,0.115164252,0.146234474,0.060757625,0.045437507,0.082813125,0.032905815,0.030324155,0.141981468,0.232183454,0.013406488,0.218941487,0.010130067,0.044895725,0.044564481,0.068231457,0.161071453,0.096007546,0.22230182,0.090375522,0.035045666,0.10074521,0.041903814,0.113677152,0.035112187,0.054919869,0.076949097,0.328526941,0.080516493,0.120524926,0.193160075,0.064873792,0.071866437,0.019387778,0.048288871,0.100372539,0.01839031,0.142605876,0.165830158,0.024912956,0.180859448,0.098596764,0.045338556,0.075431395,0.113917977,0.138031447,0.044915448,0.017999204,0.150514233,0.147402053,0.007940034,0.087127082,0.084945626,0.107778035,0.02318277,0.17927821,0.120418226,0.010148849,0.014054306,0.055326363,0.231588361,0.050420306,0.199481212,0.007791309,0.013983591,0.125819675,0.020967454,0.017762831,0.016555511,0.044654917,0.022427109,0.029736349,0.125154708,0.223680969,0.007647946
0.080676959,1,0.108351161,0.196651548,0.210173643,0.112371958,0.136766007,0.117862192,0.192600253,0.076382707,0.211678711,0.214679572,0.094065953,0.054225043,0.022635341,0.119724491,0.031149253,0.134935215,0.140977356,0.028652722,0.15135031,0.026777753,0.159017659,0.166986387,0.220054592,0.160954807,0.121969668,0.055986688,0.138000459,0.237316163,0.096423886,0.127642568,0.020307361,0.100155463,0.219109572,0.076961042,0.045520794,0.101765326,0.155319736,0.112611629,0.098370081,0.252547283,0.102588526,0.060284808,0.02484574,0.117232057,0.121609672,0.051691238,0.19612142,0.079090763,0.779875282,0.162594102,0.071350177,0.185114147,0.204007898,0.199600784,0.077618021,0.104111218,0.162413407,0.023635663,0.19976445,0.690283403,0.017962419,0.08178163,0.068530576,0.084707733,0.052309358,0.111011664,0.13986475,0.164521469,0.17717692,0.065426017,0.068286172,0.125451406,0.124347886,0.158407487,0.041751245,0.092975089,0.205890734,0.076787888,0.086058133,0.230164745,0.111480462,0.066951108
0.196996193,0.108351161,1,0.223162788,0.239055563,0.018954727,0.157111416,0.078917696,0.103976549,0.166009501,0.134183695,0.14241424,0.086000627,0.061443197,0.163227851,0.048644089,0.092428828,0.139744152,0.169979464,0.036876653,0.081393529,0.010478515,0.057340137,0.046344666,0.10925987,0.216662351,0.085733364,0.22684607,0.23077509,0.061139995,0.13562656,0.049150969,0.181633035,0.015103453,0.062315172,0.086925369,0.07313931,0.077197504,0.196558524,0.191254509,0.137925905,0.094611788,0.03325281,0.009296938,0.102725584,0.017742765,0.198080963,0.172196875,0.061409568,0.186954834,0.142556642,0.061457437,0.033123243,0.153469032,0.145106108,0.120119285,0.007793492,0.213653637,0.292609718,0.035250207,0.11203519,0.103638032,0.180803798,0.04583758,0.273710052,0.172190232,0.012027525,0.010291111,0.063519503,0.206634223,0.105940919,0.173843797,0.00636396,0.011483697,0.146814609,0.026517023,0.007559932,0.046180235,0.070155353,0.01408889,0.054198719,0.115242295,0.249779887,0.010265815
0.169297833,0.196651548,0.223162788,1,0.270225236,0.043771186,0.17240023,0.084683081,0.186839624,0.181133139,0.227701801,0.148379697,0.087171331,0.030674854,0.078607676,0.05786601,0.010736674,0.176329734,0.224497967,0.020325537,0.161109519,0.018255881,0.135330737,0.116889345,0.203598693,0.230421262,0.193446185,0.179753689,0.194699546,0.147171345,0.090325922,0.111696256,0.09985254,0.067883392,0.166322018,0.059852813,0.069089793,0.11322841,0.241459281,0.162431583,0.054949257,0.223123964,0.044586709,0.035039439,0.050874943,0.043226535,0.225387274,0.148044944,0.06899545,0.16429479,0.218434496,0.11022513,0.073409652,0.327131885,0.209516323,0.180361537,0.032044983,0.183319219,0.26665378,0.021971891,0.190018776,0.211688949,0.071403949,0.031376837,0.18021443,0.217298636,0.031988247,0.039311136,0.094073867,0.261629123,0.184897992,0.079502984,0.017424029,0.042022563,0.111851035,0.086446998,0.029324538,0.017132282,0.159141794,0.049202883,0.048961779,0.219390473,0.162429129,0.032195655
0.15850631,0.210173643,0.239055563,0.270225236,1,0.069462885,0.199324974,0.116701497,0.180608313,0.123620777,0.23698648,0.187925456,0.135670336,0.037243087,0.058042739,0.102945944,0.014422008,0.207061849,0.160283354,0.053555056,0.173450838,0.023390797,0.123998436,0.133810986,0.281657782,0.290601237,0.140744676,0.148941138,0.208333367,0.197817171,0.151732778,0.124265706,0.061221336,0.04635421,0.186894858,0.100544847,0.066776447,0.12457533,0.255220527,0.203457748,0.113784977,0.200263615,0.080170454,0.030710835,0.05241922,0.058139579,0.209648173,0.100341025,0.08171292,0.103738693,0.249906926,0.183400615,0.072819598,0.211294011,0.243923268,0.18343584,0.041690112,0.167570031,0.239933842,0.006682692,0.230479491,0.272885769,0.056169217,0.068912073,0.176581855,0.124616078,0.035468285,0.056962746,0.145272782,0.245013331,0.228618526,0.103119142,0.023782941,0.071937776,0.198456592,0.091307971,0.038250199,0.031809392,0.164835868,0.062549564,0.106047676,0.206477278,0.180885626,0.093504763
0.024914212,0.112371958,0.018954727,0.043771186,0.069462885,1,0.041709063,0.062770559,0.093909608,0.028156104,0.106374318,0.071141905,0.058175967,0.026486516,0.035013231,0.113179793,0.010169879,0.072912763,0.028505672,0.045738705,0.106672622,0.142471067,0.067496795,0.184412466,0.096741042,0.042756283,0.050414343,0.022260931,0.046448183,0.087610608,0.032421141,0.109346764,0.059942274,0.132441989,0.211720731,0.031294262,0.012368299,0.082153617,0.047100852,0.030395948,0.05349899,0.155042393,0.160115526,0.241559277,0.019033695,0.696573818,0.025791134,0.008566494,0.126049175,0.013039696,0.087957057,0.130352372,0.085013917,0.05027482,0.076768226,0.043948861,0.216998302,0.039274073,0.030166602,0.050668154,0.069705352,0.12522138,0.043456353,0.059335764,0.010020286,0.033701681,0.103911924,0.754289658,0.113583882,0.033917743,0.05280111,0.014241685,0.168878012,0.783709003,0.041211288,0.205731212,0.188512679,0.093389543,0.088166462,0.056618453,0.102207367,0.137778667,0.024879596,0.156032856
0.1729858,0.136766007,0.157111416,0.17240023,0.199324974,0.041709063,1,0.15633864,0.225809971,0.085662286,0.191947394,0.210579456,0.129883595,0.014178228,0.037180692,0.088006108,0.014490176,0.217440863,0.171398104,0.032623314,0.171534511,0.029326304,0.072132915,0.117212327,0.124033159,0.17118153,0.096013578,0.108593687,0.075264266,0.068784042,0.115258281,0.104881545,0.047819729,0.03679532,0.129349378,0.077259812,0.103305935,0.150554563,0.102435322,0.205193438,0.113778045,0.128104581,0.086681259,0.034431522,0.018886624,0.042672141,0.118426986,0.080151423,0.042453459,0.072370015,0.149263234,0.144559655,0.096597317,0.116592419,0.233520394,0.083941374,0.028523413,0.084598218,0.12774693,0.009678188,0.125723528,0.144703161,0.041997953,0.040107475,0.104597286,0.081182499,0.03064798,0.047702945,0.136389186,0.205033653,0.090734482,0.196998964,0.025851928,0.046863502,0.200384653,0.071455299,0.023320275,0.041698232,0.081954736,0.029341088,0.078412741,0.199688316,0.238705045,0.02540514
0.076426711,0.117862192,0.078917696,0.084683081,0.116701497,0.062770559,0.15633864,1,0.143985053,0.034442063,0.098950505,0.167455557,0.200325064,0.040815652,0.009073828,0.196479262,0.022089113,0.212587922,0.053592172,0.0915767,0.141361942,0.047065452,0.035915182,0.092997937,0.102843183,0.081593938,0.043703754,0.037427366,0.054084717,0.084569021,0.14639669,0.213155296,0.026408961,0.018884256,0.103782773,0.087642936,0.073927924,0.089248938,0.049358756,0.103899769,0.253866505,0.104744188,0.132954309,0.042235798,0.008252817,0.057860782,0.068015929,0.022741164,0.048090943,0.036981331,0.144705864,0.151707142,0.092843855,0.049198186,0.185791927,0.055749958,0.052770274,0.034896799,0.054261178,0.027463668,0.061072852,0.112496581,0.010529555,0.121756394,0.0393501,0.020889891,0.02633191,0.057192354,0.251254231,0.073138448,0.057978237,0.173352826,0.061698825,0.060416925,0.27026252,0.048902745,0.048455305,0.137362921,0.053494231,0.021224157,0.250431707,0.110491543,0.206725967,0.022033263
0.139421898,0.192600253,0.103976549,0.186839624,0.180608313,0.093909608,0.225809971,0.143985053,1,0.069425753,0.2054626,0.229465192,0.116185505,0.021292281,0.020281078,0.098678364,0.00970874,0.195637814,0.160114522,0.032525773,0.212863574,0.035230186,0.09039807,0.149730331,0.138656219,0.150461865,0.101635415,0.087104926,0.073040086,0.07760896,0.069051031,0.107907441,0.022177171,0.05261061,0.171959076,0.049014112,0.079565744,0.129631908,0.106234048,0.12578043,0.100346812,0.198164657,0.112606372,0.062295992,0.022199659,0.082482624,0.091604659,0.073474561,0.059090419,0.069693339,0.177322286,0.151421563,0.088148009,0.125903491,0.245806567,0.084026091,0.046843502,0.065296445,0.110715721,0.014862157,0.124163924,0.182034592,0.020307525,0.040229766,0.073524424,0.086138043,0.035063916,0.082437949,0.135109113,0.192795282,0.104408439,0.122551554,0.034779331,0.094584315,0.131195669,0.119573009,0.045341421,0.054425957,0.100748297,0.03376099,0.07398456,0.272875502,0.150144691,0.027714437
0.140247733,0.076382707,0.166009501,0.181133139,0.123620777,0.028156104,0.085662286,0.034442063,0.069425753,1,0.093772306,0.071022984,0.029749791,0.078220707,0.124862625,0.017784533,0.042165504,0.078542919,0.15295899,0.014732055,0.066336569,0.011190718,0.098285663,0.045545493,0.072285374,0.124508518,0.14000256,0.078669174,0.229793964,0.074297275,0.061984687,0.030573222,0.09175199,0.035929378,0.05751148,0.048482474,0.065242876,0.079180713,0.187376504,0.101337898,0.034126123,0.116834674,0.01890462,0.045729718,0.110612557,0.021619546,0.201321518,0.255362973,0.049295545,0.241961915,0.096124807,0.035692134,0.024855719,0.167811577,0.069339538,0.124534098,0.007703838,0.272255241,0.186632112,0.033520566,0.153163632,0.074194979,0.098572838,0.025651365,0.122079938,0.369311535,0.014010651,0.011845988,0.018334189,0.138473313,0.103472988,0.044437268,0.007903403,0.01189481,0.051089548,0.026933606,0.007367165,0.016941835,0.064080655,0.014752416,0.01779757,0.105129967,0.084911644,0.013682217
0.115164252,0.211678711,0.134183695,0.227701801,0.23698648,0.106374318,0.191947394,0.098950505,0.2054626,0.093772306,1,0.215609083,0.133955689,0.020772932,0.040331575,0.12362122,0.017747224,0.178456065,0.169516179,0.065414905,0.206899699,0.044275406,0.1404135,0.218769018,0.216722111,0.213889311,0.150572596,0.059815793,0.089648739,0.173063127,0.092524069,0.13327812,0.041927185,0.119726128,0.229384258,0.072261505,0.060413294,0.207883518,0.150899243,0.15855381,0.079165953,0.219829744,0.107439934,0.082571091,0.01524267,0.123916391,0.159875757,0.081035392,0.121446684,0.059331764,0.212537124,0.183815967,0.111377736,0.195500072,0.236162628,0.16125215,0.067580199,0.083424416,0.144747287,0.007717928,0.204980279,0.259872151,0.037804437,0.042379637,0.089369374,0.103747161,0.100620192,0.11277832,0.143069099,0.202318554,0.191312704,0.105108405,0.052202341,0.127625448,0.141437461,0.168070336,0.060229243,0.055061717,0.17601813,0.064547491,0.097613958,0.279647347,0.123963393,0.065373474
0.146234474,0.214679572,0.14241424,0.148379697,0.187925456,0.071141905,0.210579456,0.167455557,0.229465192,0.071022984,0.215609083,1,0.123703686,0.03593102,0.034228181,0.130932337,0.043065307,0.184336987,0.126656177,0.043105091,0.223389442,0.028910738,0.068415777,0.135044438,0.165712928,0.192901362,0.076283215,0.084387589,0.08935608,0.095092031,0.112122031,0.131628215,0.03885509,0.043888141,0.143150419,0.114845596,0.109403317,0.159270355,0.118327255,0.186631127,0.145110129,0.158020621,0.085829443,0.040050165,0.013004115,0.068469195,0.204602179,0.050785618,0.067581372,0.063194541,0.222827636,0.13498262,0.086064432,0.114739285,0.242927392,0.098448229,0.044864158,0.110746159,0.142686391,0.02356802,0.161837429,0.2039191,0.035087071,0.07448495,0.080924774,0.075080818,0.037421189,0.075606122,0.169351497,0.175748232,0.093900233,0.166948452,0.032751411,0.089297843,0.177471023,0.096314291,0.027368776,0.099872594,0.1375912,0.036301081,0.106295919,0.195282509,0.168329303,0.026155657
0.060757625,0.094065953,0.086000627,0.087171331,0.135670336,0.058175967,0.129883595,0.200325064,0.116185505,0.029749791,0.133955689,0.123703686,1,0.021844961,0.024479785,0.215794159,0.026240986,0.28064293,0.055211476,0.195332948,0.157146175,0.069957785,0.047985475,0.130922442,0.13068297,0.118515363,0.046975205,0.032313712,0.03520311,0.075048681,0.223736797,0.140312625,0.023617342,0.023000986,0.135678756,0.080520274,0.053525105,0.083410519,0.069214299,0.141398576,0.201140133,0.116076329,0.157147769,0.056403339,0.015022751,0.058405473,0.06297773,0.037251719,0.050227415,0.022559549,0.120320681,0.227514607,0.071355354,0.067013852,0.175277808,0.061478801,0.065901508,0.037979648,0.047858207,0.005567623,0.096568922,0.100322939,0.024723618,0.186257087,0.0381374,0.032430415,0.031100147,0.061490555,0.174980948,0.06917023,0.220132532,0.080784078,0.07295283,0.064636218,0.234543752,0.066071372,0.058444989,0.19241355,0.075735494,0.027998861,0.188639268,0.141944349,0.124304197,0.034859768
0.045437507,0.054225043,0.061443197,0.030674854,0.037243087,0.026486516,0.014178228,0.040815652,0.021292281,0.078220707,0.020772932,0.03593102,0.021844961,1,0.105723734,0.021536939,0.130049052,0.062147487,0.035982277,0.006969738,0.034082688,0.006360701,0.010400612,0.014745632,0.02127236,0.020831733,0.022254445,0.083960911,0.134797081,0.05337441,0.059038919,0.024783968,0.069061554,0.021412623,0.056567522,0.053905833,0.030405831,0.02184154,0.075365034,0.042750292,0.041995119,0.04991917,0.023535195,0.004864363,0.408907986,0.03197074,0.067554793,0.062683552,0.022497612,0.103354088,0.05645919,0.025015711,0.009364788,0.026651074,0.037120213,0.043607728,0.073556653,0.130904354,0.078663155,0.047286999,0.030367631,0.021606251,0.103194314,0.040388022,0.042240603,0.076739074,0.035151118,0.013707457,0.034951142,0.050647925,0.024502139,0.018450567,0.005839077,0.022803576,0.025592111,0.015596384,0.055388295,0.048751699,0.030246629,0.048826314,0.005544139,0.028264395,0.040404223,0.024551521
0.082813125,0.022635341,0.163227851,0.078607676,0.058042739,0.035013231,0.037180692,0.009073828,0.020281078,0.124862625,0.040331575,0.034228181,0.024479785,0.105723734,1,0.021492204,0.076655459,0.0340093,0.091203229,0.022142282,0.014617243,0.005699169,0.023347604,0.009130642,0.025100232,0.058913839,0.02907199,0.107581456,0.145320834,0.020319393,0.025770103,0.01164013,0.47413444,0.005920738,0.067688833,0.019789936,0.026011522,0.013823637,0.098258172,0.062888929,0.028833499,0.016446218,0.004233661,0.004565318,0.167769607,0.031474519,0.082110051,0.174323048,0.007658625,0.190800912,0.034103746,0.009436555,0.025948582,0.071233656,0.026747105,0.045574144,0.004204166,0.178321712,0.116714794,0.025449888,0.044869154,0.026227038,0.584132313,0.006509081,0.156467555,0.106615114,0.00595015,0.045084048,0.007529085,0.076850701,0.033726524,0.055473795,0.004274117,0.044912894,0.043255447,0.006055739,0.004036121,0.018126504,0.019424395,0.005864678,0.024833471,0.035691898,0.054260045,0.003719698
0.032905815,0.119724491,0.048644089,0.05786601,0.102945944,0.113179793,0.088006108,0.196479262,0.098678364,0.017784533,0.12362122,0.130932337,0.215794159,0.021536939,0.021492204,1,0.020944335,0.140976214,0.036014115,0.143928437,0.122390161,0.05781139,0.045217713,0.141979157,0.112679051,0.07816836,0.053457074,0.017599528,0.018429835,0.086421868,0.151506662,0.183605963,0.021501762,0.046059677,0.13846663,0.055481511,0.027378578,0.102153403,0.042864027,0.060349011,0.106657419,0.12749216,0.120044296,0.107394274,0.012556706,0.107326685,0.043218601,0.01424631,0.075962551,0.026402254,0.097681741,0.13727387,0.091494478,0.050334621,0.144986541,0.055753091,0.094476922,0.016681742,0.03718405,0.014306439,0.068925478,0.117147652,0.022334092,0.090571895,0.027069588,0.020420633,0.041322872,0.117333945,0.217317034,0.050498669,0.226417489,0.05936964,0.078255599,0.116524959,0.164387406,0.097757773,0.080909748,0.214601604,0.089640457,0.034112618,0.206502694,0.113315503,0.055432745,0.066490278
0.030324155,0.031149253,0.092428828,0.010736674,0.014422008,0.010169879,0.014490176,0.022089113,0.00970874,0.042165504,0.017747224,0.043065307,0.026240986,0.130049052,0.076655459,0.020944335,1,0.014625522,0.015881776,0.019485574,0.026672077,0.005925763,0.015478968,0.016195356,0.007591214,0.028711965,0.014627607,0.041412733,0.059806629,0.005656478,0.04496753,0.007444921,0.063874766,0.005453848,0.003573238,0.020703642,0.023841456,0.022894935,0.044406345,0.014318302,0.051969849,0.026296733,0.011321674,0.014977219,0.079925223,0.010022701,0.036246467,0.055091843,0.029707704,0.06573471,0.031245651,0.036968778,0.011595385,0.008799332,0.00789203,0.018025149,0.0165409,0.093325174,0.126960482,0.020998602,0.015920244,0.00528195,0.089053908,0.01970803,0.039637491,0.03784581,0.005009512,0.003791695,0.009104948,0.014358879,0.009806776,0.046198939,0.022966284,0.003515129,0.021588062,0.005041535,0.005815173,0.05438796,0.082984094,0.003358018,0.020630229,0.023956228,0.036694625,0.005075896
0.141981468,0.134935215,0.139744152,0.176329734,0.207061849,0.072912763,0.217440863,0.212587922,0.195637814,0.078542919,0.178456065,0.184336987,0.28064293,0.062147487,0.0340093,0.140976214,0.014625522,1,0.129877302,0.095087675,0.21414916,0.043801942,0.075701166,0.159999837,0.171621396,0.177753571,0.096533224,0.094299341,0.085910494,0.090230154,0.163107187,0.17312804,0.034748499,0.042057862,0.192941357,0.089772154,0.121832025,0.153970711,0.136087244,0.191726005,0.219799591,0.229179362,0.15425627,0.052032757,0.050778045,0.071505816,0.108164385,0.063898175,0.049954719,0.073029781,0.162070896,0.246705721,0.113497732,0.129537553,0.252135193,0.104741,0.063444765,0.080271432,0.098925547,0.027605265,0.153997279,0.159279872,0.033986751,0.111861259,0.071453995,0.095238241,0.036142367,0.071457071,0.187832617,0.139780113,0.12012746,0.123125331,0.030139186,0.069042469,0.30090652,0.088637253,0.055667409,0.086826946,0.104514611,0.035898211,0.17665718,0.228437931,0.210660614,0.035696907
0.232183454,0.140977356,0.169979464,0.224497967,0.160283354,0.028505672,0.171398104,0.053592172,0.160114522,0.15295899,0.169516179,0.126656177,0.055211476,0.035982277,0.091203229,0.036014115,0.015881776,0.129877302,1,0.011675559,0.118686794,0.010713475,0.092420576,0.086973235,0.107561378,0.142625306,0.170574222,0.129279808,0.120787702,0.072769328,0.075733527,0.056858674,0.089483902,0.04821371,0.079347608,0.058290741,0.147016932,0.077641691,0.121787084,0.14710488,0.057277922,0.106566775,0.037676897,0.024401137,0.05675781,0.030458404,0.137970253,0.187050195,0.036281289,0.158775316,0.155237636,0.064272696,0.051325667,0.142536973,0.157727044,0.102433886,0.029461816,0.142425304,0.162350266,0.0052664,0.123616972,0.137714609,0.088185993,0.029563983,0.150021601,0.152649948,0.020634585,0.030570931,0.058810504,0.250863533,0.085318098,0.122211815,0.010007729,0.030983736,0.104750993,0.048977065,0.020833732,0.019844573,0.080321403,0.037189447,0.028152367,0.158035622,0.161823363,0.013340483
0.013406488,0.028652722,0.036876653,0.020325537,0.053555056,0.045738705,0.032623314,0.0915767,0.032525773,0.014732055,0.065414905,0.043105091,0.195332948,0.006969738,0.022142282,0.143928437,0.019485574,0.095087675,0.011675559,1,0.047829728,0.07173125,0.023711823,0.058865224,0.047696891,0.040553524,0.022505767,0.017843796,0.015022073,0.067964644,0.12405409,0.06838694,0.02273429,0.015262794,0.05225253,0.021744407,0.01695237,0.051968167,0.018328059,0.025837045,0.110320022,0.039580772,0.114458495,0.047224955,0.00723642,0.052610467,0.032686582,0.011152514,0.026802997,0.008496191,0.047851638,0.102951633,0.049374845,0.020282323,0.04416744,0.035363026,0.045470715,0.012142944,0.018798548,0.01859349,0.035436342,0.033722197,0.02297246,0.126909271,0.014465511,0.012869676,0.022644841,0.04783766,0.072495977,0.01219118,0.122174786,0.036086979,0.0574662,0.048511381,0.078387177,0.037276418,0.055601141,0.100825186,0.043418839,0.021852492,0.146356095,0.048488058,0.024808894,0.031181378
0.218941487,0.15135031,0.081393529,0.161109519,0.173450838,0.106672622,0.171534511,0.141361942,0.212863574,0.066336569,0.206899699,0.223389442,0.157146175,0.034082688,0.014617243,0.122390161,0.026672077,0.21414916,0.118686794,0.047829728,1,0.065203773,0.078958342,0.153800507,0.191936284,0.181590924,0.089348626,0.074112539,0.067675721,0.092155768,0.077040969,0.139375003,0.016607111,0.066291195,0.189556085,0.081766878,0.229483706,0.165752932,0.133872371,0.155618903,0.103810507,0.189017349,0.116654184,0.091287536,0.050195453,0.104808284,0.103728606,0.070266207,0.061144573,0.040830924,0.154958511,0.167072957,0.140959234,0.126630731,0.229719152,0.065722578,0.077297892,0.090849168,0.094027056,0.024668739,0.162244471,0.163144036,0.014270469,0.079656407,0.056953954,0.075213213,0.068604862,0.103383936,0.208524665,0.120010046,0.096013914,0.098918955,0.06134866,0.107937451,0.139964802,0.112308418,0.057289612,0.114618592,0.132769406,0.029698721,0.12208587,0.222026291,0.109793406,0.045281382
0.010130067,0.026777753,0.010478515,0.018255881,0.023390797,0.142471067,0.029326304,0.047065452,0.035230186,0.011190718,0.044275406,0.028910738,0.069957785,0.006360701,0.005699169,0.05781139,0.005925763,0.043801942,0.010713475,0.07173125,0.065203773,1,0.030840938,0.087174694,0.050484362,0.021953036,0.016263875,0.010665088,0.008052317,0.053229781,0.016674028,0.071504838,0.004640058,0.051508412,0.077205092,0.011477832,0.011173922,0.071996786,0.012549871,0.021012761,0.033340868,0.05514581,0.119843308,0.18206165,0.006860573,0.138911038,0.013347993,0.011359801,0.046354109,0.006487717,0.036864319,0.088291529,0.069733336,0.022097973,0.039192477,0.0177438,0.129352682,0.008147775,0.012106752,0.021735634,0.031442513,0.031836413,0.005999922,0.04321947,0.010413701,0.011313453,0.074721841,0.136624938,0.08269095,0.011337605,0.025891512,0.013124029,0.143631443,0.135273826,0.023419642,0.088502273,0.118284598,0.082352925,0.042254768,0.039796287,0.075492674,0.056317775,0.012245135,0.10382292
0.044895725,0.159017659,0.057340137,0.135330737,0.123998436,0.067496795,0.072132915,0.035915182,0.09039807,0.098285663,0.1404135,0.068415777,0.047985475,0.010400612,0.023347604,0.045217713,0.015478968,0.075701166,0.092420576,0.023711823,0.078958342,0.030840938,1,0.152926499,0.15650429,0.090673722,0.11041661,0.029308264,0.11821959,0.218827231,0.029191065,0.089372422,0.014999488,0.117070154,0.172562465,0.027882016,0.029766958,0.071626122,0.166534595,0.056445498,0.038605848,0.19517525,0.066194669,0.066720336,0.024697655,0.068244528,0.077157985,0.070955265,0.149485288,0.046320406,0.162101237,0.107418593,0.065406191,0.209234757,0.09241944,0.226204788,0.053979582,0.09634342,0.087522712,0.008674889,0.187123147,0.169975906,0.014949488,0.017751886,0.03905261,0.103153513,0.059757918,0.077940815,0.051203368,0.071627158,0.196318757,0.02738974,0.037171831,0.075629634,0.05736536,0.152599545,0.04911509,0.015477239,0.153950642,0.110605888,0.051836244,0.210084681,0.036850146,0.080984409
0.044564481,0.166986387,0.046344666,0.116889345,0.133810986,0.184412466,0.117212327,0.092997937,0.149730331,0.045545493,0.218769018,0.135044438,0.130922442,0.014745632,0.009130642,0.141979157,0.016195356,0.159999837,0.086973235,0.058865224,0.153800507,0.087174694,0.152926499,1,0.181759427,0.117376453,0.104014574,0.020354196,0.04640108,0.154310408,0.057916689,0.187822676,0.008309099,0.128902233,0.276820585,0.051674661,0.029834074,0.158523163,0.084394116,0.083914205,0.074223199,0.22936072,0.179960989,0.146535204,0.020482887,0.19489982,0.077286431,0.028293705,0.121321194,0.023054079,0.152931915,0.225523148,0.11524921,0.132580853,0.175719683,0.104743823,0.119926991,0.047170427,0.067616215,0.009741433,0.168032657,0.184059506,0.008122005,0.06254925,0.037125165,0.045264805,0.102961357,0.190141894,0.141610129,0.096447985,0.13887448,0.039650357,0.090424668,0.198574591,0.111212188,0.252023465,0.103677296,0.069599261,0.144742133,0.081769521,0.141160612,0.236060324,0.064247753,0.128080697
0.068231457,0.220054592,0.10925987,0.203598693,0.281657782,0.096741042,0.124033159,0.102843183,0.138656219,0.072285374,0.216722111,0.165712928,0.13068297,0.02127236,0.025100232,0.112679051,0.007591214,0.171621396,0.107561378,0.047696891,0.191936284,0.050484362,0.15650429,0.181759427,1,0.21539426,0.110585106,0.066734403,0.124346195,0.253730929,0.086552489,0.157916324,0.022116043,0.096423196,0.222025464,0.062130588,0.045607319,0.125735732,0.197654957,0.145104314,0.091102141,0.267167968,0.116397025,0.078757458,0.028439978,0.099634487,0.16642867,0.05606388,0.179545812,0.06606779,0.238477148,0.182850441,0.101834273,0.227960781,0.195039099,0.199109927,0.093569436,0.107655321,0.180966001,0.012236056,0.26431998,0.249045109,0.019514502,0.10137783,0.071790117,0.097755511,0.083528435,0.102076731,0.17960609,0.110965563,0.202739593,0.050095145,0.063861137,0.107464256,0.132698369,0.169147352,0.072530015,0.064709093,0.291854226,0.066173029,0.133609152,0.216666936,0.08002722,0.108668796
0.161071453,0.160954807,0.216662351,0.230421262,0.290601237,0.042756283,0.17118153,0.081593938,0.150461865,0.124508518,0.213889311,0.192901362,0.118515363,0.020831733,0.058913839,0.07816836,0.028711965,0.177753571,0.142625306,0.040553524,0.181590924,0.021953036,0.090673722,0.117376453,0.21539426,1,0.114945191,0.113063596,0.150269943,0.13159828,0.111604032,0.110835648,0.06207015,0.051182222,0.127367296,0.122094307,0.072636219,0.11805258,0.223561912,0.221113091,0.072883604,0.168259744,0.048202176,0.041370477,0.043083604,0.042188838,0.256292429,0.085948032,0.08212564,0.102766734,0.190165316,0.134232341,0.095737219,0.172438909,0.212985042,0.148966133,0.027455781,0.164454464,0.258755887,0.007701305,0.241494649,0.187034765,0.055657692,0.06146479,0.171841402,0.134428045,0.03436299,0.044470114,0.112234255,0.192656371,0.14759955,0.106427358,0.020791981,0.04731569,0.143658523,0.089575776,0.01593243,0.029692182,0.180765189,0.031315273,0.063617782,0.175703466,0.151384661,0.029352273
0.096007546,0.121969668,0.085733364,0.193446185,0.140744676,0.050414343,0.096013578,0.043703754,0.101635415,0.14000256,0.150572596,0.076283215,0.046975205,0.022254445,0.02907199,0.053457074,0.014627607,0.096533224,0.170574222,0.022505767,0.089348626,0.016263875,0.11041661,0.104014574,0.110585106,0.114945191,1,0.04978912,0.09104118,0.095792276,0.06108816,0.072884345,0.02258612,0.071020419,0.100463116,0.038486609,0.062091725,0.086274362,0.108519278,0.079902149,0.038170067,0.132258168,0.030659997,0.041299078,0.02854964,0.04967444,0.086164711,0.073169123,0.062583179,0.071889212,0.126098465,0.060367984,0.05976254,0.130419849,0.126522125,0.092489061,0.02746005,0.101536567,0.12518094,0.00461009,0.134682374,0.131749704,0.022282459,0.020359597,0.09038424,0.12645878,0.01980591,0.045439729,0.046030324,0.128531976,0.089169199,0.034541978,0.011257917,0.045434518,0.070438113,0.066103242,0.02445348,0.011449494,0.100595334,0.031771063,0.043675513,0.145559481,0.067815835,0.029009662
0.22230182,0.055986688,0.22684607,0.179753689,0.148941138,0.022260931,0.108593687,0.037427366,0.087104926,0.078669174,0.059815793,0.084387589,0.032313712,0.083960911,0.107581456,0.017599528,0.041412733,0.094299341,0.129279808,0.017843796,0.074112539,0.010665088,0.029308264,0.020354196,0.066734403,0.113063596,0.04978912,1,0.167479152,0.041981283,0.080499025,0.026786896,0.143116591,0.007724931,0.042408946,0.064315486,0.081921824,0.048212413,0.133563335,0.157576625,0.078833926,0.080260165,0.008199587,0.007114904,0.087382592,0.013215629,0.113322002,0.13466157,0.009519858,0.166312183,0.070745776,0.021866997,0.037815001,0.090780917,0.087373101,0.033493493,0.068465667,0.14801021,0.17448956,0.034132136,0.053738796,0.059184286,0.146179825,0.035302129,0.23724823,0.139593123,0.012221649,0.028432549,0.061453191,0.196885444,0.03724233,0.126704624,0.007633202,0.02929723,0.090600415,0.011228744,0.048478992,0.024205041,0.056995015,0.036289319,0.039616313,0.067691824,0.168065464,0.006724502
0.090375522,0.138000459,0.23077509,0.194699546,0.208333367,0.046448183,0.075264266,0.054084717,0.073040086,0.229793964,0.089648739,0.08935608,0.03520311,0.134797081,0.145320834,0.018429835,0.059806629,0.085910494,0.120787702,0.015022073,0.067675721,0.008052317,0.11821959,0.04640108,0.124346195,0.150269943,0.09104118,0.167479152,1,0.145971795,0.088576952,0.041633735,0.109973812,0.020245846,0.10288314,0.091969985,0.054324943,0.059397733,0.584214464,0.115261845,0.074964628,0.158093587,0.024372307,0.009654037,0.129339102,0.036768509,0.235874549,0.172193092,0.083478214,0.197629815,0.175365556,0.082303438,0.026751256,0.22598948,0.074546944,0.215126322,0.034635576,0.540974924,0.276908904,0.040775217,0.206936861,0.132870959,0.112025024,0.045401923,0.158025519,0.208947364,0.01504967,0.037166987,0.050221339,0.133737587,0.149183919,0.043773526,0.008431636,0.037781332,0.080226655,0.030915641,0.02158481,0.046436262,0.121802102,0.034755935,0.038759126,0.123708375,0.09689028,0.029451999
0.035045666,0.237316163,0.061139995,0.147171345,0.197817171,0.087610608,0.068784042,0.084569021,0.07760896,0.074297275,0.173063127,0.095092031,0.075048681,0.05337441,0.020319393,0.086421868,0.005656478,0.090230154,0.072769328,0.067964644,0.092155768,0.053229781,0.218827231,0.154310408,0.253730929,0.13159828,0.095792276,0.041981283,0.145971795,1,0.088994664,0.128516434,0.032735733,0.133145284,0.204645008,0.032629637,0.022875319,0.09294007,0.190131258,0.090987866,0.056068129,0.231291706,0.070832361,0.069116577,0.035204054,0.092017548,0.16448226,0.039668784,0.256477923,0.072850846,0.264065609,0.149293127,0.05609665,0.203852271,0.103075832,0.256242916,0.077635823,0.104902076,0.129653994,0.011163172,0.267929023,0.248169413,0.014530031,0.050412088,0.038477133,0.091462487,0.087906638,0.094649333,0.096698529,0.099892074,0.225718737,0.029706123,0.090640892,0.11015974,0.064762483,0.16390537,0.05241388,0.040932175,0.30057437,0.101401631,0.066054534,0.165388133,0.070098068,0.126191485
0.10074521,0.096423886,0.13562656,0.090325922,0.151732778,0.032421141,0.115258281,0.14639669,0.069051031,0.061984687,0.092524069,0.112122031,0.223736797,0.059038919,0.025770103,0.151506662,0.04496753,0.163107187,0.075733527,0.12405409,0.077040969,0.016674028,0.029191065,0.057916689,0.086552489,0.111604032,0.06108816,0.080499025,0.088576952,0.088994664,1,0.07781586,0.026786115,0.01414344,0.064591501,0.092664989,0.071304727,0.094940296,0.070033618,0.153455521,0.16498511,0.076345893,0.058423154,0.026493456,0.036960097,0.037410195,0.111393041,0.044024946,0.034000261,0.057243875,0.11712978,0.096654086,0.066620023,0.055555425,0.121781023,0.073481717,0.02967488,0.088870476,0.095736957,0.032073781,0.066545809,0.079922853,0.031240302,0.127385316,0.062088869,0.07137675,0.013630181,0.030316639,0.094763778,0.103448282,0.157262481,0.118523898,0.013983194,0.038880848,0.196933502,0.026256254,0.028212077,0.121204085,0.068705641,0.031412008,0.079346933,0.065980609,0.179395468,0.029422679
0.041903814,0.127642568,0.049150969,0.111696256,0.124265706,0.109346764,0.104881545,0.213155296,0.107907441,0.030573222,0.13327812,0.131628215,0.140312625,0.024783968,0.01164013,0.183605963,0.007444921,0.17312804,0.056858674,0.06838694,0.139375003,0.071504838,0.089372422,0.187822676,0.157916324,0.110835648,0.072884345,0.026786896,0.041633735,0.128516434,0.07781586,1,0.027544534,0.064188413,0.194501477,0.039286378,0.0350461,0.121426956,0.071246078,0.080461116,0.223313925,0.158002822,0.136962466,0.112545559,0.025801135,0.118228609,0.077204508,0.022536715,0.079521637,0.039867033,0.135465495,0.181600445,0.11387662,0.096081294,0.201375424,0.070339281,0.088988335,0.035376091,0.055827102,0.011894348,0.11557528,0.152207689,0.010142342,0.093891927,0.04010066,0.036167969,0.056097943,0.115737006,0.185342149,0.065892473,0.1267283,0.124204802,0.068779689,0.117128254,0.252712925,0.123403438,0.081619905,0.083524078,0.103187994,0.057829067,0.344694686,0.146635508,0.102312129,0.085482602
0.113677152,0.020307361,0.181633035,0.09985254,0.061221336,0.059942274,0.047819729,0.026408961,0.022177171,0.09175199,0.041927185,0.03885509,0.023617342,0.069061554,0.47413444,0.021501762,0.063874766,0.034748499,0.089483902,0.02273429,0.016607111,0.004640058,0.014999488,0.008309099,0.022116043,0.06207015,0.02258612,0.143116591,0.109973812,0.032735733,0.026786115,0.027544534,1,0.005548102,0.081411091,0.023711026,0.041529995,0.015528058,0.078883484,0.07699509,0.027098273,0.016017738,0.003449247,0.003770675,0.127942119,0.031178363,0.098463709,0.152756288,0.007069488,0.170806174,0.030197019,0.010217594,0.037629857,0.056812372,0.029766707,0.034753791,0.004976864,0.137883385,0.114537845,0.0229384,0.038032754,0.025060899,0.513554438,0.006653931,0.163864827,0.081762282,0.005853481,0.065479838,0.008335354,0.09071875,0.030111316,0.069780109,0.004721086,0.066188323,0.045270151,0.006281,0.005069816,0.017032889,0.015890131,0.004695715,0.023818088,0.034303429,0.096267044,0.004022869
0.035112187,0.100155463,0.015103453,0.067883392,0.04635421,0.132441989,0.03679532,0.018884256,0.05261061,0.035929378,0.119726128,0.043888141,0.023000986,0.021412623,0.005920738,0.046059677,0.005453848,0.042057862,0.04821371,0.015262794,0.066291195,0.051508412,0.117070154,0.128902233,0.096423196,0.051182222,0.071020419,0.007724931,0.020245846,0.133145284,0.01414344,0.064188413,0.005548102,1,0.133229798,0.016152156,0.006736858,0.098424024,0.052631203,0.047373085,0.013576252,0.144382526,0.041279518,0.099052442,0.02167544,0.143956355,0.031246464,0.027324332,0.158586879,0.010633639,0.07396849,0.078134639,0.048200106,0.095154037,0.055776259,0.096764741,0.081507245,0.025377076,0.037383812,0.019252565,0.090692724,0.101350376,0.005104581,0.017797678,0.012495154,0.04591691,0.127211087,0.137391757,0.047602562,0.040422425,0.07591717,0.01208164,0.074572678,0.139548189,0.018098534,0.193228477,0.06906963,0.014209399,0.139524264,0.095202887,0.026786476,0.111041324,0.011770685,0.154985546
0.054919869,0.219109572,0.062315172,0.166322018,0.186894858,0.211720731,0.129349378,0.103782773,0.171959076,0.05751148,0.229384258,0.143150419,0.135678756,0.056567522,0.067688833,0.13846663,0.003573238,0.192941357,0.079347608,0.05225253,0.189556085,0.077205092,0.172562465,0.276820585,0.222025464,0.127367296,0.100463116,0.042408946,0.10288314,0.204645008,0.064591501,0.194501477,0.081411091,0.133229798,1,0.041703332,0.039566574,0.16440725,0.146562226,0.092542618,0.078325935,0.292138117,0.176051853,0.146798582,0.040623689,0.188778585,0.082068128,0.030364076,0.143960883,0.028215752,0.209487646,0.28033136,0.108178515,0.179929197,0.189949065,0.15917554,0.106356873,0.066932596,0.091673986,0.050861632,0.198104918,0.242418118,0.065110597,0.056264381,0.039283796,0.069491468,0.114165697,0.210488247,0.167943866,0.124849959,0.199624496,0.04121561,0.106755435,0.230410936,0.113754251,0.25602828,0.091084676,0.056329045,0.175979293,0.091701952,0.14601508,0.279256568,0.073629484,0.156668834
0.076949097,0.076961042,0.086925369,0.059852813,0.100544847,0.031294262,0.077259812,0.087642936,0.049014112,0.048482474,0.072261505,0.114845596,0.080520274,0.053905833,0.019789936,0.055481511,0.020703642,0.089772154,0.058290741,0.021744407,0.081766878,0.011477832,0.027882016,0.051674661,0.062130588,0.122094307,0.038486609,0.064315486,0.091969985,0.032629637,0.092664989,0.039286378,0.023711026,0.016152156,0.041703332,1,0.063025335,0.066774966,0.05896638,0.155242805,0.081463227,0.05620254,0.030679565,0.015819942,0.06187337,0.02183032,0.099691372,0.024051359,0.029515935,0.043695953,0.064347006,0.045595553,0.025976113,0.046376988,0.079953178,0.028447058,0.031075666,0.067327637,0.085964699,0.029133523,0.089940221,0.066786057,0.021593413,0.062862796,0.055774916,0.035586958,0.017906681,0.026583024,0.061934639,0.088515424,0.055943573,0.09019812,0.012673203,0.027878286,0.139641504,0.02721701,0.030668907,0.055611434,0.055025221,0.007320704,0.056858765,0.053729632,0.10060353,0.011893969
0.328526941,0.045520794,0.07313931,0.069089793,0.066776447,0.012368299,0.103305935,0.073927924,0.079565744,0.065242876,0.060413294,0.109403317,0.053525105,0.030405831,0.026011522,0.027378578,0.023841456,0.121832025,0.147016932,0.01695237,0.229483706,0.011173922,0.029766958,0.029834074,0.045607319,0.072636219,0.062091725,0.081921824,0.054324943,0.022875319,0.071304727,0.0350461,0.041529995,0.006736858,0.039566574,0.063025335,1,0.055704033,0.080531006,0.113286391,0.097464698,0.04991997,0.024625864,0.040434872,0.06264042,0.013566239,0.062457908,0.114752659,0.0216523,0.073440566,0.061328745,0.041094049,0.053467469,0.051017575,0.077747316,0.023444182,0.021328282,0.093911346,0.049325624,0.007759888,0.072251081,0.052563535,0.035589168,0.037552538,0.0606181,0.037047866,0.011657542,0.01229127,0.050155007,0.083062993,0.022485551,0.174146396,0.009350671,0.014683158,0.132027643,0.013439987,0.022481374,0.026026715,0.034322611,0.008564628,0.032417638,0.065585615,0.155470434,0.006748185
0.080516493,0.101765326,0.077197504,0.11322841,0.12457533,0.082153617,0.150554563,0.089248938,0.129631908,0.079180713,0.207883518,0.159270355,0.083410519,0.02184154,0.013823637,0.102153403,0.022894935,0.153970711,0.077641691,0.051968167,0.165752932,0.071996786,0.071626122,0.158523163,0.125735732,0.11805258,0.086274362,0.048212413,0.059397733,0.09294007,0.094940296,0.121426956,0.015528058,0.098424024,0.16440725,0.066774966,0.055704033,1,0.083602136,0.115494862,0.077764899,0.139160093,0.075134544,0.059973098,0.025530396,0.084935183,0.098273521,0.030525788,0.068282119,0.027894752,0.103258996,0.121627703,0.178465639,0.094541104,0.149502739,0.077851413,0.039797207,0.04498935,0.072261879,0.027272565,0.140514019,0.115664946,0.01371257,0.038093326,0.04129806,0.083919521,0.082118262,0.086928002,0.136322371,0.128059118,0.082437926,0.092809671,0.046653845,0.08989301,0.113422533,0.111931953,0.047349907,0.047678808,0.111165492,0.032312223,0.086839648,0.173347865,0.083103911,0.057588096
0.120524926,0.155319736,0.196558524,0.241459281,0.255220527,0.047100852,0.102435322,0.049358756,0.106234048,0.187376504,0.150899243,0.118327255,0.069214299,0.075365034,0.098258172,0.042864027,0.044406345,0.136087244,0.121787084,0.018328059,0.133872371,0.012549871,0.166534595,0.084394116,0.197654957,0.223561912,0.108519278,0.133563335,0.584214464,0.190131258,0.070033618,0.071246078,0.078883484,0.052631203,0.146562226,0.05896638,0.080531006,0.083602136,1,0.124420843,0.053714572,0.184191802,0.032653368,0.036385905,0.115744363,0.046219982,0.256135841,0.141815433,0.09903406,0.143603466,0.198794777,0.115145357,0.060952458,0.284494752,0.114488545,0.336410897,0.048478015,0.524003311,0.264918127,0.019000051,0.293191356,0.187894665,0.075441966,0.024252386,0.142394627,0.179726234,0.03312861,0.037867085,0.083015272,0.142134727,0.202917897,0.050273422,0.014727472,0.047509924,0.115033025,0.066560427,0.048066799,0.034214762,0.187949301,0.043465555,0.050351367,0.173039122,0.084772681,0.038359736
0.193160075,0.112611629,0.191254509,0.162431583,0.203457748,0.030395948,0.205193438,0.103899769,0.12578043,0.101337898,0.15855381,0.186631127,0.141398576,0.042750292,0.062888929,0.060349011,0.014318302,0.191726005,0.14710488,0.025837045,0.155618903,0.021012761,0.056445498,0.083914205,0.145104314,0.221113091,0.079902149,0.157576625,0.115261845,0.090987866,0.153455521,0.080461116,0.07699509,0.047373085,0.092542618,0.155242805,0.113286391,0.115494862,0.124420843,1,0.122692383,0.111995651,0.047377372,0.020379928,0.041754244,0.028915754,0.172224042,0.082544292,0.029514759,0.105206746,0.137817637,0.106134644,0.06208402,0.138446228,0.198078908,0.073980435,0.034286127,0.141443557,0.172078231,0.010202182,0.127961895,0.113498666,0.069726544,0.077104759,0.139171802,0.137209239,0.031022801,0.034750238,0.125671181,0.192111727,0.10195466,0.187788656,0.015671665,0.037904424,0.203469482,0.041989974,0.013523647,0.047528715,0.095561759,0.048504344,0.073676379,0.135018509,0.210032893,0.017994556
0.064873792,0.098370081,0.137925905,0.054949257,0.113784977,0.05349899,0.113778045,0.253866505,0.100346812,0.034126123,0.079165953,0.145110129,0.201140133,0.041995119,0.028833499,0.106657419,0.051969849,0.219799591,0.057277922,0.110320022,0.103810507,0.033340868,0.038605848,0.074223199,0.091102141,0.072883604,0.038170067,0.078833926,0.074964628,0.056068129,0.16498511,0.223313925,0.027098273,0.013576252,0.078325935,0.081463227,0.097464698,0.077764899,0.053714572,0.122692383,1,0.079007109,0.134529602,0.026824707,0.009676373,0.043967185,0.072864965,0.026434149,0.035626517,0.040929728,0.117373152,0.138552874,0.080058372,0.040470937,0.126675192,0.035072235,0.063739219,0.051548234,0.059287736,0.033273179,0.068854599,0.091603814,0.030212852,0.144257195,0.040281279,0.056805364,0.017444839,0.059725978,0.134841686,0.052165851,0.044221313,0.19540417,0.020750074,0.05978044,0.412253442,0.03274009,0.044926121,0.126988561,0.050950344,0.046814121,0.344057504,0.093673954,0.169816468,0.019352007
0.071866437,0.252547283,0.094611788,0.223123964,0.200263615,0.155042393,0.128104581,0.104744188,0.198164657,0.116834674,0.219829744,0.158020621,0.116076329,0.04991917,0.016446218,0.12749216,0.026296733,0.229179362,0.106566775,0.039580772,0.189017349,0.05514581,0.19517525,0.22936072,0.267167968,0.168259744,0.132258168,0.080260165,0.158093587,0.231291706,0.076345893,0.158002822,0.016017738,0.144382526,0.292138117,0.05620254,0.04991997,0.139160093,0.184191802,0.111995651,0.079007109,1,0.12618572,0.126004685,0.04069757,0.149560894,0.133287641,0.048838173,0.189675162,0.057139489,0.235522776,0.202902417,0.070035049,0.215558032,0.201790841,0.188284275,0.099322079,0.13333734,0.147094064,0.033194034,0.218846803,0.243503603,0.013909751,0.064664149,0.051340366,0.103448022,0.082557898,0.144184184,0.15804119,0.127660053,0.207495577,0.043019392,0.079725587,0.150498299,0.102010364,0.224944155,0.07486553,0.062743064,0.243946442,0.090786941,0.104813739,0.293728441,0.084535503,0.112061861
0.019387778,0.102588526,0.03325281,0.044586709,0.080170454,0.160115526,0.086681259,0.132954309,0.112606372,0.01890462,0.107439934,0.085829443,0.157147769,0.023535195,0.004233661,0.120044296,0.011321674,0.15425627,0.037676897,0.114458495,0.116654184,0.119843308,0.066194669,0.179960989,0.116397025,0.048202176,0.030659997,0.008199587,0.024372307,0.070832361,0.058423154,0.136962466,0.003449247,0.041279518,0.176051853,0.030679565,0.024625864,0.075134544,0.032653368,0.047377372,0.134529602,0.12618572,1,0.146513399,0.00262924,0.164710365,0.033044393,0.010397203,0.085341304,0.007649292,0.099248277,0.2347169,0.076986453,0.05145597,0.114196643,0.056256891,0.143456298,0.028209019,0.027161578,0.024653345,0.075078861,0.11117527,0.003845778,0.123984741,0.012058181,0.022827314,0.075758714,0.152987697,0.150846243,0.03057899,0.063878848,0.02810379,0.103290455,0.158453005,0.108464403,0.138368392,0.133291409,0.146298239,0.073909175,0.07532745,0.183621446,0.162125229,0.062896583,0.093052816
0.048288871,0.060284808,0.009296938,0.035039439,0.030710835,0.241559277,0.034431522,0.042235798,0.062295992,0.045729718,0.082571091,0.040050165,0.056403339,0.004864363,0.004565318,0.107394274,0.014977219,0.052032757,0.024401137,0.047224955,0.091287536,0.18206165,0.066720336,0.146535204,0.078757458,0.041370477,0.041299078,0.007114904,0.009654037,0.069116577,0.026493456,0.112545559,0.003770675,0.099052442,0.146798582,0.015819942,0.040434872,0.059973098,0.036385905,0.020379928,0.026824707,0.126004685,0.146513399,1,0.016843605,0.248534492,0.014882587,0.031346014,0.121627308,0.044228536,0.048105138,0.119379372,0.065104586,0.039341636,0.050735265,0.041579532,0.209426191,0.035966903,0.015994346,0.031126917,0.056717725,0.064774916,0.003691594,0.038899712,0.008707645,0.023839835,0.109096359,0.243351649,0.11114865,0.015040484,0.050716439,0.011572658,0.209658238,0.249398978,0.024382801,0.195360166,0.203848394,0.09076953,0.074300672,0.079831221,0.098712892,0.121971676,0.011885955,0.165875015
0.100372539,0.02484574,0.102725584,0.050874943,0.05241922,0.019033695,0.018886624,0.008252817,0.022199659,0.110612557,0.01524267,0.013004115,0.015022751,0.408907986,0.167769607,0.012556706,0.079925223,0.050778045,0.05675781,0.00723642,0.050195453,0.006860573,0.024697655,0.020482887,0.028439978,0.043083604,0.02854964,0.087382592,0.129339102,0.035204054,0.036960097,0.025801135,0.127942119,0.02167544,0.040623689,0.06187337,0.06264042,0.025530396,0.115744363,0.041754244,0.009676373,0.04069757,0.00262924,0.016843605,1,0.024124833,0.072654892,0.115279765,0.025504497,0.129680562,0.029577546,0.026296191,0.024712695,0.037543727,0.042535722,0.071806967,0.036439242,0.165863329,0.087509807,0.006619293,0.048902333,0.027632795,0.164328628,0.008685654,0.075214025,0.09612712,0.006705417,0.004227346,0.034791915,0.071285269,0.033006931,0.022126373,0.005868252,0.013290563,0.01473841,0.005451153,0.037211632,0.005780275,0.036660488,0.004248154,0.006296294,0.022661474,0.026837483,0.024740917
0.01839031,0.117232057,0.017742765,0.043226535,0.058139579,0.696573818,0.042672141,0.057860782,0.082482624,0.021619546,0.123916391,0.068469195,0.058405473,0.03197074,0.031474519,0.107326685,0.010022701,0.071505816,0.030458404,0.052610467,0.104808284,0.138911038,0.068244528,0.19489982,0.099634487,0.042188838,0.04967444,0.013215629,0.036768509,0.092017548,0.037410195,0.118228609,0.031178363,0.143956355,0.188778585,0.02183032,0.013566239,0.084935183,0.046219982,0.028915754,0.043967185,0.149560894,0.164710365,0.248534492,0.024124833,1,0.02673388,0.009454632,0.137176099,0.00659463,0.086783208,0.141505807,0.07420487,0.050911921,0.090464685,0.058684939,0.225033729,0.038374663,0.029103061,0.041874044,0.067690959,0.11752838,0.031855144,0.066625603,0.011329125,0.024988631,0.113504659,0.628946441,0.111582883,0.033108613,0.053867855,0.013534617,0.179650513,0.633311256,0.033348795,0.217035276,0.203202497,0.089404227,0.09863494,0.064622327,0.09299739,0.130085908,0.022727833,0.166719446
0.142605876,0.121609672,0.198080963,0.225387274,0.209648173,0.025791134,0.118426986,0.068015929,0.091604659,0.201321518,0.159875757,0.204602179,0.06297773,0.067554793,0.082110051,0.043218601,0.036246467,0.108164385,0.137970253,0.032686582,0.103728606,0.013347993,0.077157985,0.077286431,0.16642867,0.256292429,0.086164711,0.113322002,0.235874549,0.16448226,0.111393041,0.077204508,0.098463709,0.031246464,0.082068128,0.099691372,0.062457908,0.098273521,0.256135841,0.172224042,0.072864965,0.133287641,0.033044393,0.014882587,0.072654892,0.02673388,1,0.136438311,0.068154974,0.173309957,0.153442702,0.075225696,0.057086495,0.185108879,0.110379246,0.156011294,0.024225492,0.286638949,0.250779853,0.024324274,0.245373446,0.117213997,0.075569951,0.072375606,0.124918829,0.189374605,0.027071556,0.028895492,0.05711664,0.15440578,0.123037456,0.070449496,0.013867104,0.030921929,0.094045747,0.048865106,0.010646722,0.039107049,0.149509423,0.029646398,0.029819633,0.122152886,0.149685045,0.016202551
0.165830158,0.051691238,0.172196875,0.148044944,0.100341025,0.008566494,0.080151423,0.022741164,0.073474561,0.255362973,0.081035392,0.050785618,0.037251719,0.062683552,0.174323048,0.01424631,0.055091843,0.063898175,0.187050195,0.011152514,0.070266207,0.011359801,0.070955265,0.028293705,0.05606388,0.085948032,0.073169123,0.13466157,0.172193092,0.039668784,0.044024946,0.022536715,0.152756288,0.027324332,0.030364076,0.024051359,0.114752659,0.030525788,0.141815433,0.082544292,0.026434149,0.048838173,0.010397203,0.031346014,0.115279765,0.009454632,0.136438311,1,0.027136052,0.296097146,0.070023269,0.028458937,0.033728262,0.119952452,0.058527332,0.081394982,0.021568178,0.219379496,0.139850419,0.006540276,0.086983888,0.0546164,0.162110453,0.011922756,0.154938674,0.231514176,0.009525778,0.009677061,0.029110682,0.133285905,0.0859387,0.055537455,0.006511194,0.008835471,0.052395231,0.014694895,0.02098372,0.007175955,0.044650217,0.011562978,0.013949175,0.079187351,0.100268168,0.005692894
0.024912956,0.19612142,0.061409568,0.06899545,0.08171292,0.126049175,0.042453459,0.048090943,0.059090419,0.049295545,0.121446684,0.067581372,0.050227415,0.022497612,0.007658625,0.075962551,0.029707704,0.049954719,0.036281289,0.026802997,0.061144573,0.046354109,0.149485288,0.121321194,0.179545812,0.08212564,0.062583179,0.009519858,0.083478214,0.256477923,0.034000261,0.079521637,0.007069488,0.158586879,0.143960883,0.029515935,0.0216523,0.068282119,0.09903406,0.029514759,0.035626517,0.189675162,0.085341304,0.121627308,0.025504497,0.137176099,0.068154974,0.027136052,1,0.011356495,0.179922158,0.118443512,0.043797192,0.102795435,0.070922601,0.179443002,0.101863191,0.050721866,0.105411074,0.029873841,0.166474473,0.184369157,0.007202903,0.037928809,0.015804236,0.038980624,0.08086837,0.13594179,0.084935475,0.031652161,0.105345512,0.01498884,0.099686316,0.128340749,0.034388595,0.161625045,0.089838901,0.049489668,0.258971406,0.112426196,0.061362216,0.122856862,0.036535972,0.129314335
0.180859448,0.079090763,0.186954834,0.16429479,0.103738693,0.013039696,0.072370015,0.036981331,0.069693339,0.241961915,0.059331764,0.063194541,0.022559549,0.103354088,0.190800912,0.026402254,0.06573471,0.073029781,0.158775316,0.008496191,0.040830924,0.006487717,0.046320406,0.023054079,0.06606779,0.102766734,0.071889212,0.166312183,0.197629815,0.072850846,0.057243875,0.039867033,0.170806174,0.010633639,0.028215752,0.043695953,0.073440566,0.027894752,0.143603466,0.105206746,0.040929728,0.057139489,0.007649292,0.044228536,0.129680562,0.00659463,0.173309957,0.296097146,0.011356495,1,0.087330933,0.023777935,0.028946205,0.127302648,0.055767908,0.069811269,0.035095684,0.2458468,0.153423384,0.005961875,0.081104796,0.056559028,0.173860845,0.024575955,0.177340156,0.246495042,0.007786847,0.015983798,0.042715209,0.131233415,0.071177388,0.055536681,0.005649328,0.015088357,0.0713554,0.013206174,0.019856523,0.033344203,0.057444165,0.029124964,0.011757903,0.085541699,0.126760161,0.005510313
0.098596764,0.779875282,0.142556642,0.218434496,0.249906926,0.087957057,0.149263234,0.144705864,0.177322286,0.096124807,0.212537124,0.222827636,0.120320681,0.05645919,0.034103746,0.097681741,0.031245651,0.162070896,0.155237636,0.047851638,0.154958511,0.036864319,0.162101237,0.152931915,0.238477148,0.190165316,0.126098465,0.070745776,0.175365556,0.264065609,0.11712978,0.135465495,0.030197019,0.07396849,0.209487646,0.064347006,0.061328745,0.103258996,0.198794777,0.137817637,0.117373152,0.235522776,0.099248277,0.048105138,0.029577546,0.086783208,0.153442702,0.070023269,0.179922158,0.087330933,1,0.170058083,0.077602468,0.211609756,0.210168134,0.212981689,0.065668524,0.138858894,0.186824015,0.024030295,0.222500456,0.659815375,0.027647432,0.07449913,0.094602229,0.096160226,0.045813515,0.086421633,0.143731784,0.176211961,0.180031009,0.074347061,0.084398124,0.100447678,0.138213034,0.131560886,0.030959363,0.078410211,0.196693185,0.070118783,0.095070226,0.219785444,0.139363467,0.058883771
0.045338556,0.162594102,0.061457437,0.11022513,0.183400615,0.130352372,0.144559655,0.151707142,0.151421563,0.035692134,0.183815967,0.13498262,0.227514607,0.025015711,0.009436555,0.13727387,0.036968778,0.246705721,0.064272696,0.102951633,0.167072957,0.088291529,0.107418593,0.225523148,0.182850441,0.134232341,0.060367984,0.021866997,0.082303438,0.149293127,0.096654086,0.181600445,0.010217594,0.078134639,0.28033136,0.045595553,0.041094049,0.121627703,0.115145357,0.106134644,0.138552874,0.202902417,0.2347169,0.119379372,0.026296191,0.141505807,0.075225696,0.028458937,0.118443512,0.023777935,0.170058083,1,0.091903612,0.117150351,0.184682264,0.143991539,0.092403652,0.052522737,0.053292047,0.006637739,0.167187586,0.184194245,0.008751536,0.099933696,0.031931788,0.04018168,0.071376842,0.150434802,0.180987206,0.114636165,0.160437497,0.049022378,0.084196687,0.157734685,0.176202382,0.162690926,0.077596405,0.091605269,0.133514407,0.092244141,0.191844835,0.217641719,0.101193776,0.111143116
0.075431395,0.071350177,0.033123243,0.073409652,0.072819598,0.085013917,0.096597317,0.092843855,0.088148009,0.024855719,0.111377736,0.086064432,0.071355354,0.009364788,0.025948582,0.091494478,0.011595385,0.113497732,0.051325667,0.049374845,0.140959234,0.069733336,0.065406191,0.11524921,0.101834273,0.095737219,0.05976254,0.037815001,0.026751256,0.05609665,0.066620023,0.11387662,0.037629857,0.048200106,0.108178515,0.025976113,0.053467469,0.178465639,0.060952458,0.06208402,0.080058372,0.070035049,0.076986453,0.065104586,0.024712695,0.07420487,0.057086495,0.033728262,0.043797192,0.028946205,0.077602468,0.091903612,1,0.090308266,0.096435528,0.039170532,0.07537324,0.033236665,0.036777186,0.031427346,0.072637173,0.079505501,0.023384597,0.061991027,0.032725871,0.041826439,0.046668504,0.083595475,0.127540596,0.051662395,0.049297757,0.054561779,0.03768346,0.083647502,0.095159786,0.070569546,0.058037504,0.059962146,0.072838642,0.033193236,0.099543725,0.106021347,0.059392374,0.042078519
0.113917977,0.185114147,0.153469032,0.327131885,0.211294011,0.05027482,0.116592419,0.049198186,0.125903491,0.167811577,0.195500072,0.114739285,0.067013852,0.026651074,0.071233656,0.050334621,0.008799332,0.129537553,0.142536973,0.020282323,0.126630731,0.022097973,0.209234757,0.132580853,0.227960781,0.172438909,0.130419849,0.090780917,0.22598948,0.203852271,0.055555425,0.096081294,0.056812372,0.095154037,0.179929197,0.046376988,0.051017575,0.094541104,0.284494752,0.138446228,0.040470937,0.215558032,0.05145597,0.039341636,0.037543727,0.050911921,0.185108879,0.119952452,0.102795435,0.127302648,0.211609756,0.117150351,0.090308266,1,0.146601873,0.260974559,0.044211387,0.208145986,0.196505082,0.018327858,0.247724232,0.20695899,0.052120751,0.026646752,0.109862127,0.200283581,0.059167701,0.041077731,0.094683607,0.150826445,0.234948565,0.052194105,0.027409156,0.044733669,0.093355931,0.123121443,0.040447449,0.017056744,0.188097453,0.058450366,0.050963726,0.211939489,0.084968904,0.046576653
0.138031447,0.204007898,0.145106108,0.209516323,0.243923268,0.076768226,0.233520394,0.185791927,0.245806567,0.069339538,0.236162628,0.242927392,0.175277808,0.037120213,0.026747105,0.144986541,0.00789203,0.252135193,0.157727044,0.04416744,0.229719152,0.039192477,0.09241944,0.175719683,0.195039099,0.212985042,0.126522125,0.087373101,0.074546944,0.103075832,0.121781023,0.201375424,0.029766707,0.055776259,0.189949065,0.079953178,0.077747316,0.149502739,0.114488545,0.198078908,0.126675192,0.201790841,0.114196643,0.050735265,0.042535722,0.090464685,0.110379246,0.058527332,0.070922601,0.055767908,0.210168134,0.184682264,0.096435528,0.146601873,1,0.107441985,0.06528874,0.071940375,0.138593446,0.006346198,0.155951905,0.216974784,0.027299669,0.063686634,0.105615573,0.073577739,0.04195687,0.080779357,0.194232446,0.202440689,0.141080251,0.140041314,0.037667964,0.086021643,0.199798527,0.104736636,0.058948144,0.064655397,0.13354906,0.040028873,0.126194791,0.237757474,0.194272048,0.039061724
0.044915448,0.199600784,0.120119285,0.180361537,0.18343584,0.043948861,0.083941374,0.055749958,0.084026091,0.124534098,0.16125215,0.098448229,0.061478801,0.043607728,0.045574144,0.055753091,0.018025149,0.104741,0.102433886,0.035363026,0.065722578,0.0177438,0.226204788,0.104743823,0.199109927,0.148966133,0.092489061,0.033493493,0.215126322,0.256242916,0.073481717,0.070339281,0.034753791,0.096764741,0.15917554,0.028447058,0.023444182,0.077851413,0.336410897,0.073980435,0.035072235,0.188284275,0.056256891,0.041579532,0.071806967,0.058684939,0.156011294,0.081394982,0.179443002,0.069811269,0.212981689,0.143991539,0.039170532,0.260974559,0.107441985,1,0.040660598,0.176468315,0.176275627,0.008313134,0.251527619,0.209889434,0.032029707,0.018968428,0.069484852,0.106754067,0.042314497,0.048504922,0.081773821,0.122947995,0.219453002,0.031639983,0.024317345,0.061115926,0.085687735,0.10717348,0.054166646,0.029502781,0.224352175,0.089342756,0.040965468,0.163154917,0.057026991,0.062423551
0.017999204,0.077618021,0.007793492,0.032044983,0.041690112,0.216998302,0.028523413,0.052770274,0.046843502,0.007703838,0.067580199,0.044864158,0.065901508,0.073556653,0.004204166,0.094476922,0.0165409,0.063444765,0.029461816,0.045470715,0.077297892,0.129352682,0.053979582,0.119926991,0.093569436,0.027455781,0.02746005,0.068465667,0.034635576,0.077635823,0.02967488,0.088988335,0.004976864,0.081507245,0.106356873,0.031075666,0.021328282,0.039797207,0.048478015,0.034286127,0.063739219,0.099322079,0.143456298,0.209426191,0.036439242,0.225033729,0.024225492,0.021568178,0.101863191,0.035095684,0.065668524,0.092403652,0.07537324,0.044211387,0.06528874,0.040660598,1,0.017232526,0.023283342,0.034450055,0.051805684,0.064007567,0.005123815,0.064245398,0.008595101,0.03902755,0.115358216,0.226587997,0.125374024,0.014129036,0.038737777,0.012990974,0.230389291,0.228315493,0.053405951,0.157561192,0.741092104,0.117232284,0.087573309,0.074773316,0.089418493,0.066686668,0.008207291,0.141061905
0.150514233,0.104111218,0.213653637,0.183319219,0.167570031,0.039274073,0.084598218,0.034896799,0.065296445,0.272255241,0.083424416,0.110746159,0.037979648,0.130904354,0.178321712,0.016681742,0.093325174,0.080271432,0.142425304,0.012142944,0.090849168,0.008147775,0.09634342,0.047170427,0.107655321,0.164454464,0.101536567,0.14801021,0.540974924,0.104902076,0.088870476,0.035376091,0.137883385,0.025377076,0.066932596,0.067327637,0.093911346,0.04498935,0.524003311,0.141443557,0.051548234,0.13333734,0.028209019,0.035966903,0.165863329,0.038374663,0.286638949,0.219379496,0.050721866,0.2458468,0.138858894,0.052522737,0.033236665,0.208145986,0.071940375,0.176468315,0.017232526,1,0.246449287,0.030315415,0.168662762,0.094268407,0.148720356,0.037004015,0.163099656,0.234533436,0.012447728,0.015485079,0.043036601,0.142417869,0.114491016,0.070171575,0.005660103,0.024229588,0.072746852,0.02252457,0.007705047,0.037437183,0.100309507,0.023523438,0.019589702,0.097711891,0.103962637,0.020637116
0.147402053,0.162413407,0.292609718,0.26665378,0.239933842,0.030166602,0.12774693,0.054261178,0.110715721,0.186632112,0.144747287,0.142686391,0.047858207,0.078663155,0.116714794,0.03718405,0.126960482,0.098925547,0.162350266,0.018798548,0.094027056,0.012106752,0.087522712,0.067616215,0.180966001,0.258755887,0.12518094,0.17448956,0.276908904,0.129653994,0.095736957,0.055827102,0.114537845,0.037383812,0.091673986,0.085964699,0.049325624,0.072261879,0.264918127,0.172078231,0.059287736,0.147094064,0.027161578,0.015994346,0.087509807,0.029103061,0.250779853,0.139850419,0.105411074,0.153423384,0.186824015,0.053292047,0.036777186,0.196505082,0.138593446,0.176275627,0.023283342,0.246449287,1,0.040601559,0.199953955,0.14610127,0.108606645,0.060139875,0.218175615,0.193241831,0.020663305,0.02687635,0.059238177,0.205028129,0.13383547,0.072307017,0.01309045,0.028100849,0.076968027,0.046150954,0.011526941,0.047292039,0.203188673,0.033978813,0.045945049,0.136949124,0.12924193,0.032343206
0.007940034,0.023635663,0.035250207,0.021971891,0.006682692,0.050668154,0.009678188,0.027463668,0.014862157,0.033520566,0.007717928,0.02356802,0.005567623,0.047286999,0.025449888,0.014306439,0.020998602,0.027605265,0.0052664,0.01859349,0.024668739,0.021735634,0.008674889,0.009741433,0.012236056,0.007701305,0.00461009,0.034132136,0.040775217,0.011163172,0.032073781,0.011894348,0.0229384,0.019252565,0.050861632,0.029133523,0.007759888,0.027272565,0.019000051,0.010202182,0.033273179,0.033194034,0.024653345,0.031126917,0.006619293,0.041874044,0.024324274,0.006540276,0.029873841,0.005961875,0.024030295,0.006637739,0.031427346,0.018327858,0.006346198,0.008313134,0.034450055,0.030315415,0.040601559,1,0.008419056,0.008246578,0.026160261,0.032864705,0.007700176,0.028243348,0.029430523,0.036108993,0.011272285,0.007096609,0.006948264,0.009038274,0.037455644,0.034285339,0.005645193,0.018269559,0.033294926,0.024821773,0.026791032,0.017108499,0.011273686,0.019339889,0.042210808,0.029887222
0.087127082,0.19976445,0.11203519,0.190018776,0.230479491,0.069705352,0.125723528,0.061072852,0.124163924,0.153163632,0.204980279,0.161837429,0.096568922,0.030367631,0.044869154,0.068925478,0.015920244,0.153997279,0.123616972,0.035436342,0.162244471,0.031442513,0.187123147,0.168032657,0.26431998,0.241494649,0.134682374,0.053738796,0.206936861,0.267929023,0.066545809,0.11557528,0.038032754,0.090692724,0.198104918,0.089940221,0.072251081,0.140514019,0.293191356,0.127961895,0.068854599,0.218846803,0.075078861,0.056717725,0.048902333,0.067690959,0.245373446,0.086983888,0.166474473,0.081104796,0.222500456,0.167187586,0.072637173,0.247724232,0.155951905,0.251527619,0.051805684,0.168662762,0.199953955,0.008419056,1,0.236244524,0.032828551,0.056449048,0.072019954,0.113968837,0.08247776,0.084478518,0.096571918,0.118930677,0.187670539,0.056914728,0.04181688,0.080197229,0.126777311,0.148521785,0.045652028,0.030263559,0.245414257,0.048313475,0.079720062,0.227571754,0.08011257,0.060498585
0.084945626,0.690283403,0.103638032,0.211688949,0.272885769,0.12522138,0.144703161,0.112496581,0.182034592,0.074194979,0.259872151,0.2039191,0.100322939,0.021606251,0.026227038,0.117147652,0.00528195,0.159279872,0.137714609,0.033722197,0.163144036,0.031836413,0.169975906,0.184059506,0.249045109,0.187034765,0.131749704,0.059184286,0.132870959,0.248169413,0.079922853,0.152207689,0.025060899,0.101350376,0.242418118,0.066786057,0.052563535,0.115664946,0.187894665,0.113498666,0.091603814,0.243503603,0.11117527,0.064774916,0.027632795,0.11752838,0.117213997,0.0546164,0.184369157,0.056559028,0.659815375,0.184194245,0.079505501,0.20695899,0.216974784,0.209889434,0.064007567,0.094268407,0.14610127,0.008246578,0.236244524,1,0.020560294,0.062379561,0.078479004,0.075702634,0.059922872,0.110491312,0.1455941,0.168899737,0.183976783,0.067011788,0.051346232,0.123493852,0.144458316,0.165827528,0.068766835,0.043274187,0.208726935,0.061788351,0.117241174,0.24766044,0.103201318,0.091973105
0.107778035,0.017962419,0.180803798,0.071403949,0.056169217,0.043456353,0.041997953,0.010529555,0.020307525,0.098572838,0.037804437,0.035087071,0.024723618,0.103194314,0.584132313,0.022334092,0.089053908,0.033986751,0.088185993,0.02297246,0.014270469,0.005999922,0.014949488,0.008122005,0.019514502,0.055657692,0.022282459,0.146179825,0.112025024,0.014530031,0.031240302,0.010142342,0.513554438,0.005104581,0.065110597,0.021593413,0.035589168,0.01371257,0.075441966,0.069726544,0.030212852,0.013909751,0.003845778,0.003691594,0.164328628,0.031855144,0.075569951,0.162110453,0.007202903,0.173860845,0.027647432,0.008751536,0.023384597,0.052120751,0.027299669,0.032029707,0.005123815,0.148720356,0.108606645,0.026160261,0.032828551,0.020560294,1,0.005540697,0.159421497,0.088446982,0.005822803,0.057231471,0.007219902,0.082936856,0.025786906,0.06517146,0.003866853,0.057017196,0.046762818,0.005262776,0.005106198,0.018345816,0.014313002,0.004926793,0.025087284,0.033433548,0.069590565,0.003324582
0.02318277,0.08178163,0.04583758,0.031376837,0.068912073,0.059335764,0.040107475,0.121756394,0.040229766,0.025651365,0.042379637,0.07448495,0.186257087,0.040388022,0.006509081,0.090571895,0.01970803,0.111861259,0.029563983,0.126909271,0.079656407,0.04321947,0.017751886,0.06254925,0.10137783,0.06146479,0.020359597,0.035302129,0.045401923,0.050412088,0.127385316,0.093891927,0.006653931,0.017797678,0.056264381,0.062862796,0.037552538,0.038093326,0.024252386,0.077104759,0.144257195,0.064664149,0.123984741,0.038899712,0.008685654,0.066625603,0.072375606,0.011922756,0.037928809,0.024575955,0.07449913,0.099933696,0.061991027,0.026646752,0.063686634,0.018968428,0.064245398,0.037004015,0.060139875,0.032864705,0.056449048,0.062379561,0.005540697,1,0.01782783,0.029706653,0.028532377,0.057122668,0.135472538,0.021020991,0.043390054,0.053959555,0.030066312,0.056984528,0.095384715,0.04127117,0.042308014,0.131457699,0.051048701,0.040332765,0.16545565,0.048230421,0.06452147,0.044840887
0.17927821,0.068530576,0.273710052,0.18021443,0.176581855,0.010020286,0.104597286,0.0393501,0.073524424,0.122079938,0.089369374,0.080924774,0.0381374,0.042240603,0.156467555,0.027069588,0.039637491,0.071453995,0.150021601,0.014465511,0.056953954,0.010413701,0.03905261,0.037125165,0.071790117,0.171841402,0.09038424,0.23724823,0.158025519,0.038477133,0.062088869,0.04010066,0.163864827,0.012495154,0.039283796,0.055774916,0.0606181,0.04129806,0.142394627,0.139171802,0.040281279,0.051340366,0.012058181,0.008707645,0.075214025,0.011329125,0.124918829,0.154938674,0.015804236,0.177340156,0.094602229,0.031931788,0.032725871,0.109862127,0.105615573,0.069484852,0.008595101,0.163099656,0.218175615,0.007700176,0.072019954,0.078479004,0.159421497,0.01782783,1,0.1205279,0.010354047,0.011236753,0.03422195,0.18136765,0.072978678,0.090351411,0.007749122,0.011010908,0.072703661,0.029379273,0.007578272,0.009320205,0.056510829,0.011546391,0.023743988,0.06931622,0.145971021,0.00881666
0.120418226,0.084707733,0.172190232,0.217298636,0.124616078,0.033701681,0.081182499,0.020889891,0.086138043,0.369311535,0.103747161,0.075080818,0.032430415,0.076739074,0.106615114,0.020420633,0.03784581,0.095238241,0.152649948,0.012869676,0.075213213,0.011313453,0.103153513,0.045264805,0.097755511,0.134428045,0.12645878,0.139593123,0.208947364,0.091462487,0.07137675,0.036167969,0.081762282,0.04591691,0.069491468,0.035586958,0.037047866,0.083919521,0.179726234,0.137209239,0.056805364,0.103448022,0.022827314,0.023839835,0.09612712,0.024988631,0.189374605,0.231514176,0.038980624,0.246495042,0.096160226,0.04018168,0.041826439,0.200283581,0.073577739,0.106754067,0.03902755,0.234533436,0.193241831,0.028243348,0.113968837,0.075702634,0.088446982,0.029706653,0.1205279,1,0.019821884,0.03120187,0.051194783,0.142046886,0.099941103,0.06547999,0.010585839,0.022232144,0.049998947,0.042329039,0.024449445,0.019554968,0.092875352,0.036896104,0.020604184,0.107504767,0.072406824,0.015199322
0.010148849,0.052309358,0.012027525,0.031988247,0.035468285,0.103911924,0.03064798,0.02633191,0.035063916,0.014010651,0.100620192,0.037421189,0.031100147,0.035151118,0.00595015,0.041322872,0.005009512,0.036142367,0.020634585,0.022644841,0.068604862,0.074721841,0.059757918,0.102961357,0.083528435,0.03436299,0.01980591,0.012221649,0.01504967,0.087906638,0.013630181,0.056097943,0.005853481,0.127211087,0.114165697,0.017906681,0.011657542,0.082118262,0.03312861,0.031022801,0.017444839,0.082557898,0.075758714,0.109096359,0.006705417,0.113504659,0.027071556,0.009525778,0.08086837,0.007786847,0.045813515,0.071376842,0.046668504,0.059167701,0.04195687,0.042314497,0.115358216,0.012447728,0.020663305,0.029430523,0.08247776,0.059922872,0.005822803,0.028532377,0.010354047,0.019821884,1,0.106866805,0.070574059,0.020583166,0.048583035,0.02041705,0.136887381,0.111179074,0.022199999,0.166897136,0.109451729,0.029747986,0.089896335,0.050287573,0.042616691,0.08358766,0.012064797,0.137008734
0.014054306,0.111011664,0.010291111,0.039311136,0.056962746,0.754289658,0.047702945,0.057192354,0.082437949,0.011845988,0.11277832,0.075606122,0.061490555,0.013707457,0.045084048,0.117333945,0.003791695,0.071457071,0.030570931,0.04783766,0.103383936,0.136624938,0.077940815,0.190141894,0.102076731,0.044470114,0.045439729,0.028432549,0.037166987,0.094649333,0.030316639,0.115737006,0.065479838,0.137391757,0.210488247,0.026583024,0.01229127,0.086928002,0.037867085,0.034750238,0.059725978,0.144184184,0.152987697,0.243351649,0.004227346,0.628946441,0.028895492,0.009677061,0.13594179,0.015983798,0.086421633,0.150434802,0.083595475,0.041077731,0.080779357,0.048504922,0.226587997,0.015485079,0.02687635,0.036108993,0.084478518,0.110491312,0.057231471,0.057122668,0.011236753,0.03120187,0.106866805,1,0.126233841,0.027227542,0.048359435,0.015207725,0.168366876,0.805297191,0.045995272,0.216552699,0.188996654,0.097713427,0.100597664,0.081584055,0.107503442,0.124048871,0.017828423,0.145366328
0.055326363,0.13986475,0.063519503,0.094073867,0.145272782,0.113583882,0.136389186,0.251254231,0.135109113,0.018334189,0.143069099,0.169351497,0.174980948,0.034951142,0.007529085,0.217317034,0.009104948,0.187832617,0.058810504,0.072495977,0.208524665,0.08269095,0.051203368,0.141610129,0.17960609,0.112234255,0.046030324,0.061453191,0.050221339,0.096698529,0.094763778,0.185342149,0.008335354,0.047602562,0.167943866,0.061934639,0.050155007,0.136322371,0.083015272,0.125671181,0.134841686,0.15804119,0.150846243,0.11114865,0.034791915,0.111582883,0.05711664,0.029110682,0.084935475,0.042715209,0.143731784,0.180987206,0.127540596,0.094683607,0.194232446,0.081773821,0.125374024,0.043036601,0.059238177,0.011272285,0.096571918,0.1455941,0.007219902,0.135472538,0.03422195,0.051194783,0.070574059,0.126233841,1,0.068599625,0.08519908,0.09064712,0.100878675,0.132014643,0.160216784,0.114938201,0.097084139,0.167789747,0.145282715,0.054837483,0.222522809,0.146060736,0.083241479,0.061216678
0.231588361,0.164521469,0.206634223,0.261629123,0.245013331,0.033917743,0.205033653,0.073138448,0.192795282,0.138473313,0.202318554,0.175748232,0.06917023,0.050647925,0.076850701,0.050498669,0.014358879,0.139780113,0.250863533,0.01219118,0.120010046,0.011337605,0.071627158,0.096447985,0.110965563,0.192656371,0.128531976,0.196885444,0.133737587,0.099892074,0.103448282,0.065892473,0.09071875,0.040422425,0.124849959,0.088515424,0.083062993,0.128059118,0.142134727,0.192111727,0.052165851,0.127660053,0.03057899,0.015040484,0.071285269,0.033108613,0.15440578,0.133285905,0.031652161,0.131233415,0.176211961,0.114636165,0.051662395,0.150826445,0.202440689,0.122947995,0.014129036,0.142417869,0.205028129,0.007096609,0.118930677,0.168899737,0.082936856,0.021020991,0.18136765,0.142046886,0.020583166,0.027227542,0.068599625,1,0.128806051,0.154901372,0.011178592,0.040300097,0.116176468,0.052063844,0.010211625,0.014970457,0.082139466,0.018280496,0.035799667,0.180866228,0.189136959,0.053033504
0.050420306,0.17717692,0.105940919,0.184897992,0.228618526,0.05280111,0.090734482,0.057978237,0.104408439,0.103472988,0.191312704,0.093900233,0.220132532,0.024502139,0.033726524,0.226417489,0.009806776,0.12012746,0.085318098,0.122174786,0.096013914,0.025891512,0.196318757,0.13887448,0.202739593,0.14759955,0.089169199,0.03724233,0.149183919,0.225718737,0.157262481,0.1267283,0.030111316,0.07591717,0.199624496,0.055943573,0.022485551,0.082437926,0.202917897,0.10195466,0.044221313,0.207495577,0.063878848,0.050716439,0.033006931,0.053867855,0.123037456,0.0859387,0.105345512,0.071177388,0.180031009,0.160437497,0.049297757,0.234948565,0.141080251,0.219453002,0.038737777,0.114491016,0.13383547,0.006948264,0.187670539,0.183976783,0.025786906,0.043390054,0.072978678,0.099941103,0.048583035,0.048359435,0.08519908,0.128806051,1,0.035987535,0.034354386,0.060109847,0.106466622,0.117487058,0.034367782,0.079322873,0.166604569,0.064029453,0.06329347,0.174539346,0.067900147,0.084301852
0.199481212,0.065426017,0.173843797,0.079502984,0.103119142,0.014241685,0.196998964,0.173352826,0.122551554,0.044437268,0.105108405,0.166948452,0.080784078,0.018450567,0.055473795,0.05936964,0.046198939,0.123125331,0.122211815,0.036086979,0.098918955,0.013124029,0.02738974,0.039650357,0.050095145,0.106427358,0.034541978,0.126704624,0.043773526,0.029706123,0.118523898,0.124204802,0.069780109,0.01208164,0.04121561,0.09019812,0.174146396,0.092809671,0.050273422,0.187788656,0.19540417,0.043019392,0.02810379,0.011572658,0.022126373,0.013534617,0.070449496,0.055537455,0.01498884,0.055536681,0.074347061,0.049022378,0.054561779,0.052194105,0.140041314,0.031639983,0.012990974,0.070171575,0.072307017,0.009038274,0.056914728,0.067011788,0.06517146,0.053959555,0.090351411,0.06547999,0.02041705,0.015207725,0.09064712,0.154901372,0.035987535,1,0.013792332,0.016448793,0.226415803,0.021524477,0.011408161,0.041481534,0.033214853,0.011540942,0.149051514,0.091702144,0.214037931,0.008803233
0.007791309,0.068286172,0.00636396,0.017424029,0.023782941,0.168878012,0.025851928,0.061698825,0.034779331,0.007903403,0.052202341,0.032751411,0.07295283,0.005839077,0.004274117,0.078255599,0.022966284,0.030139186,0.010007729,0.0574662,0.06134866,0.143631443,0.037171831,0.090424668,0.063861137,0.020791981,0.011257917,0.007633202,0.008431636,0.090640892,0.013983194,0.068779689,0.004721086,0.074572678,0.106755435,0.012673203,0.009350671,0.046653845,0.014727472,0.015671665,0.020750074,0.079725587,0.103290455,0.209658238,0.005868252,0.179650513,0.013867104,0.006511194,0.099686316,0.005649328,0.084398124,0.084196687,0.03768346,0.027409156,0.037667964,0.024317345,0.230389291,0.005660103,0.01309045,0.037455644,0.04181688,0.051346232,0.003866853,0.030066312,0.007749122,0.010585839,0.136887381,0.168366876,0.100878675,0.011178592,0.034354386,0.013792332,1,0.171380558,0.018507154,0.144975933,0.200409987,0.095795136,0.06588417,0.049789075,0.069590553,0.065380126,0.009372751,0.141655718
0.013983591,0.125451406,0.011483697,0.042022563,0.071937776,0.783709003,0.046863502,0.060416925,0.094584315,0.01189481,0.127625448,0.089297843,0.064636218,0.022803576,0.044912894,0.116524959,0.003515129,0.069042469,0.030983736,0.048511381,0.107937451,0.135273826,0.075629634,0.198574591,0.107464256,0.04731569,0.045434518,0.02929723,0.037781332,0.11015974,0.038880848,0.117128254,0.066188323,0.139548189,0.230410936,0.027878286,0.014683158,0.08989301,0.047509924,0.037904424,0.05978044,0.150498299,0.158453005,0.249398978,0.013290563,0.633311256,0.030921929,0.008835471,0.128340749,0.015088357,0.100447678,0.157734685,0.083647502,0.044733669,0.086021643,0.061115926,0.228315493,0.024229588,0.028100849,0.034285339,0.080197229,0.123493852,0.057017196,0.056984528,0.011010908,0.022232144,0.111179074,0.805297191,0.132014643,0.040300097,0.060109847,0.016448793,0.171380558,1,0.049595024,0.226113483,0.189791747,0.098602888,0.10402876,0.083675703,0.110708964,0.132826294,0.018956595,0.152598448
0.125819675,0.124347886,0.146814609,0.111851035,0.198456592,0.041211288,0.200384653,0.27026252,0.131195669,0.051089548,0.141437461,0.177471023,0.234543752,0.025592111,0.043255447,0.164387406,0.021588062,0.30090652,0.104750993,0.078387177,0.139964802,0.023419642,0.05736536,0.111212188,0.132698369,0.143658523,0.070438113,0.090600415,0.080226655,0.064762483,0.196933502,0.252712925,0.045270151,0.018098534,0.113754251,0.139641504,0.132027643,0.113422533,0.115033025,0.203469482,0.412253442,0.102010364,0.108464403,0.024382801,0.01473841,0.033348795,0.094045747,0.052395231,0.034388595,0.0713554,0.138213034,0.176202382,0.095159786,0.093355931,0.199798527,0.085687735,0.053405951,0.072746852,0.076968027,0.005645193,0.126777311,0.144458316,0.046762818,0.095384715,0.072703661,0.049998947,0.022199999,0.045995272,0.160216784,0.116176468,0.106466622,0.226415803,0.018507154,0.049595024,1,0.046845241,0.051620549,0.107783733,0.064356051,0.021068996,0.359888434,0.146829028,0.232621808,0.018230212
0.020967454,0.158407487,0.026517023,0.086446998,0.091307971,0.205731212,0.071455299,0.048902745,0.119573009,0.026933606,0.168070336,0.096314291,0.066071372,0.015596384,0.006055739,0.097757773,0.005041535,0.088637253,0.048977065,0.037276418,0.112308418,0.088502273,0.152599545,0.252023465,0.169147352,0.089575776,0.066103242,0.011228744,0.030915641,0.16390537,0.026256254,0.123403438,0.006281,0.193228477,0.25602828,0.02721701,0.013439987,0.111931953,0.066560427,0.041989974,0.03274009,0.224944155,0.138368392,0.195360166,0.005451153,0.217035276,0.048865106,0.014694895,0.161625045,0.013206174,0.131560886,0.162690926,0.070569546,0.123121443,0.104736636,0.10717348,0.157561192,0.02252457,0.046150954,0.018269559,0.148521785,0.165827528,0.005262776,0.04127117,0.029379273,0.042329039,0.166897136,0.216552699,0.114938201,0.052063844,0.117487058,0.021524477,0.144975933,0.226113483,0.046845241,1,0.13940541,0.045212005,0.164550243,0.084536944,0.087308762,0.20511861,0.027903992,0.185124829
0.017762831,0.041751245,0.007559932,0.029324538,0.038250199,0.188512679,0.023320275,0.048455305,0.045341421,0.007367165,0.060229243,0.027368776,0.058444989,0.055388295,0.004036121,0.080909748,0.005815173,0.055667409,0.020833732,0.055601141,0.057289612,0.118284598,0.04911509,0.103677296,0.072530015,0.01593243,0.02445348,0.048478992,0.02158481,0.05241388,0.028212077,0.081619905,0.005069816,0.06906963,0.091084676,0.030668907,0.022481374,0.047349907,0.048066799,0.013523647,0.044926121,0.07486553,0.133291409,0.203848394,0.037211632,0.203202497,0.010646722,0.02098372,0.089838901,0.019856523,0.030959363,0.077596405,0.058037504,0.040447449,0.058948144,0.054166646,0.741092104,0.007705047,0.011526941,0.033294926,0.045652028,0.068766835,0.005106198,0.042308014,0.007578272,0.024449445,0.109451729,0.188996654,0.097084139,0.010211625,0.034367782,0.011408161,0.200409987,0.189791747,0.051620549,0.13940541,1,0.079153534,0.078488353,0.050312424,0.080356884,0.073957661,0.006960077,0.13157941
0.016555511,0.092975089,0.046180235,0.017132282,0.031809392,0.093389543,0.041698232,0.137362921,0.054425957,0.016941835,0.055061717,0.099872594,0.19241355,0.048751699,0.018126504,0.214601604,0.05438796,0.086826946,0.019844573,0.100825186,0.114618592,0.082352925,0.015477239,0.069599261,0.064709093,0.029692182,0.011449494,0.024205041,0.046436262,0.040932175,0.121204085,0.083524078,0.017032889,0.014209399,0.056329045,0.055611434,0.026026715,0.047678808,0.034214762,0.047528715,0.126988561,0.062743064,0.146298239,0.09076953,0.005780275,0.089404227,0.039107049,0.007175955,0.049489668,0.033344203,0.078410211,0.091605269,0.059962146,0.017056744,0.064655397,0.029502781,0.117232284,0.037437183,0.047292039,0.024821773,0.030263559,0.043274187,0.018345816,0.131457699,0.009320205,0.019554968,0.029747986,0.097713427,0.167789747,0.014970457,0.079322873,0.041481534,0.095795136,0.098602888,0.107783733,0.045212005,0.079153534,1,0.054591717,0.031204326,0.147156676,0.072166031,0.042635918,0.027341733
0.044654917,0.205890734,0.070155353,0.159141794,0.164835868,0.088166462,0.081954736,0.053494231,0.100748297,0.064080655,0.17601813,0.1375912,0.075735494,0.030246629,0.019424395,0.089640457,0.082984094,0.104514611,0.080321403,0.043418839,0.132769406,0.042254768,0.153950642,0.144742133,0.291854226,0.180765189,0.100595334,0.056995015,0.121802102,0.30057437,0.068705641,0.103187994,0.015890131,0.139524264,0.175979293,0.055025221,0.034322611,0.111165492,0.187949301,0.095561759,0.050950344,0.243946442,0.073909175,0.074300672,0.036660488,0.09863494,0.149509423,0.044650217,0.258971406,0.057444165,0.196693185,0.133514407,0.072838642,0.188097453,0.13354906,0.224352175,0.087573309,0.100309507,0.203188673,0.026791032,0.245414257,0.208726935,0.014313002,0.051048701,0.056510829,0.092875352,0.089896335,0.100597664,0.145282715,0.082139466,0.166604569,0.033214853,0.06588417,0.10402876,0.064356051,0.164550243,0.078488353,0.054591717,1,0.076847768,0.066331168,0.18231293,0.044410244,0.098636356
0.022427109,0.076787888,0.01408889,0.049202883,0.062549564,0.056618453,0.029341088,0.021224157,0.03376099,0.014752416,0.064547491,0.036301081,0.027998861,0.048826314,0.005864678,0.034112618,0.003358018,0.035898211,0.037189447,0.021852492,0.029698721,0.039796287,0.110605888,0.081769521,0.066173029,0.031315273,0.031771063,0.036289319,0.034755935,0.101401631,0.031412008,0.057829067,0.004695715,0.095202887,0.091701952,0.007320704,0.008564628,0.032312223,0.043465555,0.048504344,0.046814121,0.090786941,0.07532745,0.079831221,0.004248154,0.064622327,0.029646398,0.011562978,0.112426196,0.029124964,0.070118783,0.092244141,0.033193236,0.058450366,0.040028873,0.089342756,0.074773316,0.023523438,0.033978813,0.017108499,0.048313475,0.061788351,0.004926793,0.040332765,0.011546391,0.036896104,0.050287573,0.081584055,0.054837483,0.018280496,0.064029453,0.011540942,0.049789075,0.083675703,0.021068996,0.084536944,0.050312424,0.031204326,0.076847768,1,0.042961826,0.078145715,0.014106692,0.074139314
0.029736349,0.086058133,0.054198719,0.048961779,0.106047676,0.102207367,0.078412741,0.250431707,0.07398456,0.01779757,0.097613958,0.106295919,0.188639268,0.005544139,0.024833471,0.206502694,0.020630229,0.17665718,0.028152367,0.146356095,0.12208587,0.075492674,0.051836244,0.141160612,0.133609152,0.063617782,0.043675513,0.039616313,0.038759126,0.066054534,0.079346933,0.344694686,0.023818088,0.026786476,0.14601508,0.056858765,0.032417638,0.086839648,0.050351367,0.073676379,0.344057504,0.104813739,0.183621446,0.098712892,0.006296294,0.09299739,0.029819633,0.013949175,0.061362216,0.011757903,0.095070226,0.191844835,0.099543725,0.050963726,0.126194791,0.040965468,0.089418493,0.019589702,0.045945049,0.011273686,0.079720062,0.117241174,0.025087284,0.16545565,0.023743988,0.020604184,0.042616691,0.107503442,0.222522809,0.035799667,0.06329347,0.149051514,0.069590553,0.110708964,0.359888434,0.087308762,0.080356884,0.147156676,0.066331168,0.042961826,1,0.109472748,0.063965887,0.078546114
0.125154708,0.230164745,0.115242295,0.219390473,0.206477278,0.137778667,0.199688316,0.110491543,0.272875502,0.105129967,0.279647347,0.195282509,0.141944349,0.028264395,0.035691898,0.113315503,0.023956228,0.228437931,0.158035622,0.048488058,0.222026291,0.056317775,0.210084681,0.236060324,0.216666936,0.175703466,0.145559481,0.067691824,0.123708375,0.165388133,0.065980609,0.146635508,0.034303429,0.111041324,0.279256568,0.053729632,0.065585615,0.173347865,0.173039122,0.135018509,0.093673954,0.293728441,0.162125229,0.121971676,0.022661474,0.130085908,0.122152886,0.079187351,0.122856862,0.085541699,0.219785444,0.217641719,0.106021347,0.211939489,0.237757474,0.163154917,0.066686668,0.097711891,0.136949124,0.019339889,0.227571754,0.24766044,0.033433548,0.048230421,0.06931622,0.107504767,0.08358766,0.124048871,0.146060736,0.180866228,0.174539346,0.091702144,0.065380126,0.132826294,0.146829028,0.20511861,0.073957661,0.072166031,0.18231293,0.078145715,0.109472748,1,0.119468264,0.094638284
0.223680969,0.111480462,0.249779887,0.162429129,0.180885626,0.024879596,0.238705045,0.206725967,0.150144691,0.084911644,0.123963393,0.168329303,0.124304197,0.040404223,0.054260045,0.055432745,0.036694625,0.210660614,0.161823363,0.024808894,0.109793406,0.012245135,0.036850146,0.064247753,0.08002722,0.151384661,0.067815835,0.168065464,0.09689028,0.070098068,0.179395468,0.102312129,0.096267044,0.011770685,0.073629484,0.10060353,0.155470434,0.083103911,0.084772681,0.210032893,0.169816468,0.084535503,0.062896583,0.011885955,0.026837483,0.022727833,0.149685045,0.100268168,0.036535972,0.126760161,0.139363467,0.101193776,0.059392374,0.084968904,0.194272048,0.057026991,0.008207291,0.103962637,0.12924193,0.042210808,0.08011257,0.103201318,0.069590565,0.06452147,0.145971021,0.072406824,0.012064797,0.017828423,0.083241479,0.189136959,0.067900147,0.214037931,0.009372751,0.018956595,0.232621808,0.027903992,0.006960077,0.042635918,0.044410244,0.014106692,0.063965887,0.119468264,1,0.009792978
0.007647946,0.066951108,0.010265815,0.032195655,0.093504763,0.156032856,0.02540514,0.022033263,0.027714437,0.013682217,0.065373474,0.026155657,0.034859768,0.024551521,0.003719698,0.066490278,0.005075896,0.035696907,0.013340483,0.031181378,0.045281382,0.10382292,0.080984409,0.128080697,0.108668796,0.029352273,0.029009662,0.006724502,0.029451999,0.126191485,0.029422679,0.085482602,0.004022869,0.154985546,0.156668834,0.011893969,0.006748185,0.057588096,0.038359736,0.017994556,0.019352007,0.112061861,0.093052816,0.165875015,0.024740917,0.166719446,0.016202551,0.005692894,0.129314335,0.005510313,0.058883771,0.111143116,0.042078519,0.046576653,0.039061724,0.062423551,0.141061905,0.020637116,0.032343206,0.029887222,0.060498585,0.091973105,0.003324582,0.044840887,0.00881666,0.015199322,0.137008734,0.145366328,0.061216678,0.053033504,0.084301852,0.008803233,0.141655718,0.152598448,0.018230212,0.185124829,0.13157941,0.027341733,0.098636356,0.074139314,0.078546114,0.094638284,0.009792978,1
