1,0.210634987,0.575618993,0.401730813,0.419791317,0.020520029,0.482796643,0.194315343,0.341285348,0.234375798,0.320067757,0.417208498,0.159525994,0.060663042,0.223875414,0.067453889,0.038040423,0.311963503,0.547108152,0.013434161,0.256360811,0.005604046,0.063430613,0.106105945,0.157883966,0.41537071,0.173434194,0.604226281,0.21855699,0.068316876,0.26828219,0.091360783,0.312980904,0.021900385,0.117916423,0.212645071,0.473074433,0.18701575,0.224737934,0.519582178,0.163195166,0.128070365,0.045042304,0.007979007,0.126939228,0.018826654,0.369225082,0.348411883,0.020679883,0.375430701,0.273641151,0.123411573,0.086466443,0.199321688,0.395040108,0.110819443,0.005076218,0.29706339,0.376703343,4.86E-05,0.184049209,0.228685558,0.300405235,0.038515446,0.503892254,0.236175459,0.014172147,0.022452954,0.119880047,0.673031206,0.126992532,0.563761499,0.005398685,0.024608113,0.357112697,0.040805887,0.0033548,0.026122708,0.080420995,0.01015719,0.058860804,0.238736133,0.654392714,0.00689934
0.210634987,1,0.254168704,0.569327527,0.556039884,0.280103425,0.381585111,0.28988025,0.548734695,0.181661725,0.606721717,0.495135422,0.232576321,0.004523903,0.051340712,0.292200594,0.001380389,0.391605045,0.384978379,0.054448212,0.428706962,0.061915051,0.453771296,0.48799062,0.608134608,0.41622107,0.348290742,0.098287141,0.247090477,0.518585831,0.143945814,0.358132095,0.045913713,0.28796064,0.602607214,0.103874799,0.106889994,0.280838857,0.389231741,0.261501262,0.178776916,0.683363343,0.269596608,0.160623946,0.01435688,0.276358881,0.260831256,0.131048575,0.395331265,0.133489414,0.906001,0.422724549,0.184120821,0.538438934,0.595212295,0.529878363,0.134148555,0.18748959,0.341999134,0.005120547,0.542451666,0.939793935,0.041114107,0.086306259,0.181496365,0.175961796,0.13782928,0.292302638,0.367338962,0.413720289,0.430918463,0.16301742,0.123636465,0.308624876,0.312283645,0.45080888,0.107165179,0.100414685,0.539214225,0.154042066,0.232735027,0.673732205,0.260095223,0.136804429
0.575618993,0.254168704,1,0.649459313,0.688327897,0.020014273,0.451975478,0.144670785,0.29240283,0.438572507,0.345484749,0.302623363,0.196987645,0.10063388,0.408207744,0.065581722,0.069357111,0.364782659,0.496966109,0.018065823,0.216823171,0.007541888,0.143681826,0.127772293,0.302804096,0.626647278,0.23894346,0.659148863,0.547181457,0.147354963,0.267120801,0.129807031,0.468673834,0.034384318,0.175801588,0.167850126,0.201002419,0.152586309,0.521872963,0.553961902,0.136910537,0.226908494,0.053058807,0.011200643,0.221511839,0.019816883,0.511296853,0.500027354,0.047575994,0.548671337,0.353763093,0.175766744,0.07143047,0.408788509,0.4147283,0.276990309,0.00674068,0.579875695,0.714158975,8.61E-05,0.31771436,0.296519735,0.457683936,0.039749246,0.787735936,0.436043227,0.019284902,0.022049561,0.115991751,0.605829149,0.300622116,0.303121363,0.00716482,0.024520115,0.352174721,0.063744023,0.0047166,0.015818674,0.171512467,0.022903948,0.067453999,0.295007478,0.592743523,0.014597075
0.401730813,0.569327527,0.649459313,1,0.783811954,0.097368171,0.488163608,0.187983561,0.489947721,0.492011718,0.648307189,0.422925788,0.241712246,0.029554426,0.217834929,0.14929698,0.012562872,0.428610422,0.599749707,0.033202285,0.366677817,0.030455544,0.388353404,0.336456438,0.55644925,0.662377919,0.469707253,0.313750046,0.493912625,0.379897632,0.209303598,0.261395096,0.209190303,0.187987949,0.446322291,0.152777308,0.122335886,0.274861281,0.603503728,0.458022541,0.139357738,0.560123607,0.122827478,0.054609667,0.086314754,0.09699287,0.502183458,0.382086198,0.188541171,0.3975221,0.637008314,0.318133186,0.128052321,0.676634755,0.60959217,0.517615333,0.039290224,0.448654426,0.728524729,0.001000949,0.544547322,0.616119976,0.195967938,0.056236646,0.512324937,0.506581832,0.079646866,0.104190678,0.223564011,0.702461685,0.532242257,0.216639716,0.038166928,0.113018182,0.322177544,0.243762908,0.029444891,0.032984439,0.41852395,0.087842406,0.122787591,0.588230919,0.419370973,0.078796598
0.419791317,0.556039884,0.688327897,0.783811954,1,0.116256126,0.577039836,0.314046211,0.520219054,0.344564641,0.64802923,0.544784371,0.389616951,0.024950852,0.163987225,0.224626225,0.010788747,0.602564353,0.459378924,0.069249188,0.493986136,0.044508457,0.330779267,0.378236777,0.704335981,0.810379494,0.357213025,0.334160468,0.484832051,0.396815339,0.312976306,0.350866234,0.170412163,0.12784011,0.485262284,0.208918317,0.177095151,0.348680938,0.641096975,0.591088489,0.245872868,0.572464163,0.191416508,0.075734796,0.075352549,0.116940473,0.543338276,0.284844533,0.194739461,0.297914698,0.671617546,0.448611162,0.19116251,0.616674923,0.712914036,0.471034663,0.05276529,0.439806516,0.671266143,0.001077182,0.615805874,0.630335747,0.157400633,0.111190603,0.496753391,0.348278172,0.087534479,0.124316779,0.351179535,0.591194427,0.537038442,0.283059596,0.052825765,0.135468337,0.507389713,0.251871229,0.04049091,0.07653742,0.448788026,0.078729279,0.220712602,0.604406037,0.525373556,0.078614044
0.020520029,0.280103425,0.020014273,0.097368171,0.116256126,1,0.111380688,0.148599787,0.22476795,0.015052168,0.265952746,0.178350181,0.158363912,4.46E-05,0.001447797,0.310250605,7.71E-06,0.170137703,0.055172778,0.109130218,0.27612771,0.386308025,0.174418994,0.53968355,0.254574612,0.091452347,0.100194321,0.004558691,0.015735211,0.222669252,0.034783622,0.303720335,0.001314264,0.365408838,0.473872714,0.029033579,0.015468902,0.221604779,0.048061446,0.050464554,0.084600206,0.377536133,0.433667551,0.689807972,0.00032415,0.982781656,0.042880937,0.006963957,0.301796463,0.005828365,0.204540649,0.356676864,0.187489931,0.102055254,0.218356194,0.092666111,0.613756193,0.011947268,0.034153321,0.062933469,0.175718846,0.275160868,0.001033423,0.113966107,0.010408684,0.01849691,0.297942796,0.986931571,0.328063821,0.061870521,0.119266368,0.0248985,0.490876931,0.988600535,0.091561167,0.601789963,0.526426585,0.247576544,0.247159892,0.154472412,0.259283167,0.346589475,0.038952902,0.407019527
0.482796643,0.381585111,0.451975478,0.488163608,0.577039836,0.111380688,1,0.437906605,0.631293326,0.194574308,0.548370135,0.600716143,0.355364204,0.011366723,0.09141018,0.22792963,0.005928611,0.623650543,0.465668078,0.058509593,0.480274984,0.053880574,0.163504413,0.311419553,0.35142215,0.481146841,0.24986225,0.301557885,0.190998877,0.180955305,0.308156539,0.273355472,0.131287397,0.081601544,0.367447376,0.208852822,0.277773338,0.416115673,0.265257665,0.587785822,0.313423117,0.363161815,0.220442397,0.066943246,0.037740909,0.104412377,0.320543315,0.205265814,0.092655086,0.18671443,0.421230963,0.419107256,0.247755248,0.324002774,0.681989933,0.221562866,0.044832141,0.204254129,0.339580535,0.00086388,0.344119233,0.405985672,0.110846968,0.09439707,0.285536134,0.213007102,0.072584313,0.117067042,0.375608526,0.595037014,0.244372951,0.537432105,0.048112338,0.128371855,0.579396167,0.163570196,0.032243834,0.100438215,0.222411735,0.052874756,0.211979539,0.559787941,0.701103299,0.046894552
0.194315343,0.28988025,0.144670785,0.187983561,0.314046211,0.148599787,0.437906605,1,0.402751318,0.038811208,0.272470378,0.426755034,0.492763175,0.001500791,0.013779954,0.501417317,0.001057,0.582853532,0.14441782,0.185284363,0.395281186,0.072001107,0.08002165,0.263257781,0.248208817,0.214212961,0.109292995,0.08584853,0.050927737,0.109276924,0.338186374,0.33710278,0.017674694,0.037363174,0.294832291,0.106580956,0.189497525,0.239180902,0.089157208,0.281910158,0.552421266,0.251497187,0.355696795,0.100871272,0.004959233,0.135219308,0.091127897,0.041591305,0.08006527,0.042708188,0.317849324,0.439350798,0.236241848,0.125755677,0.533173625,0.092424321,0.085437693,0.051776062,0.091421117,0.001610915,0.156762233,0.316811377,0.016505897,0.224914213,0.080848302,0.041125279,0.039384077,0.155359142,0.588591221,0.203556611,0.148348719,0.275127695,0.078600596,0.164413686,0.602369039,0.121794283,0.066301394,0.300943747,0.131126549,0.043996625,0.519102374,0.310278409,0.417179674,0.045425162
0.341285348,0.548734695,0.29240283,0.489947721,0.520219054,0.22476795,0.631293326,0.402751318,1,0.155152018,0.596744073,0.64022015,0.33344238,0.004253379,0.04330064,0.259855652,0.001746197,0.496681799,0.412479888,0.063938163,0.556403867,0.077485083,0.242635719,0.422857716,0.380806019,0.406932144,0.248603384,0.177723859,0.138766843,0.213828356,0.174373142,0.291439884,0.052594949,0.143804629,0.463474767,0.122388283,0.174234706,0.320079573,0.223214871,0.351561271,0.274475718,0.484835992,0.295401395,0.119075146,0.014226602,0.208622723,0.248986054,0.156896415,0.133108905,0.132148684,0.509623285,0.441940607,0.196505335,0.310164685,0.719611443,0.232066556,0.105422137,0.134113657,0.263152849,0.001839652,0.334410979,0.520890045,0.045843228,0.081845191,0.194251506,0.167550016,0.081161737,0.228136749,0.366492177,0.536406216,0.288135568,0.324604497,0.083624571,0.250726017,0.37854121,0.276807763,0.081600745,0.136934072,0.261394343,0.080471213,0.196347521,0.704520004,0.432104515,0.067811805
0.234375798,0.181661725,0.438572507,0.492011718,0.344564641,0.015052168,0.194574308,0.038811208,0.155152018,1,0.257574672,0.148441725,0.069350749,0.131790805,0.3537415,0.024930392,0.046523301,0.162204466,0.404992754,0.007320563,0.092707076,0.004599494,0.251938162,0.107837867,0.197080533,0.326232174,0.303981725,0.207429877,0.601825669,0.197948813,0.103353015,0.06756571,0.259794595,0.060509016,0.130569082,0.085519842,0.055350998,0.117059775,0.488887183,0.232615131,0.040621149,0.182008487,0.024598562,0.007751356,0.232726114,0.015434,0.501095784,0.664172623,0.0557027,0.640122455,0.235060908,0.093244947,0.044019556,0.451696664,0.186158484,0.346508452,0.005674716,0.681255388,0.484715613,0.000101576,0.340432798,0.203833485,0.277139215,0.01032176,0.341174548,0.867649264,0.020871547,0.016739684,0.039470139,0.383275624,0.28415879,0.095227686,0.004587758,0.018513466,0.137872529,0.06258024,0.004166064,0.003722844,0.164094879,0.026739302,0.022444018,0.224218757,0.198571638,0.017837589
0.320067757,0.606721717,0.345484749,0.648307189,0.64802923,0.265952746,0.548370135,0.272470378,0.596744073,0.257574672,1,0.590929254,0.32802119,0.007131547,0.074884613,0.278324049,0.001950072,0.493749227,0.487452201,0.0613448,0.598508688,0.104414393,0.400297074,0.620080476,0.628480402,0.57588331,0.41107358,0.14835623,0.248528737,0.427884107,0.191125414,0.377064616,0.080671003,0.311802121,0.673542621,0.196050114,0.138535616,0.562026645,0.408956841,0.453880882,0.179867222,0.641485085,0.265346083,0.173140484,0.028304567,0.265568761,0.430821398,0.189745114,0.256924904,0.163842021,0.614698323,0.500256779,0.300939516,0.570276924,0.689518861,0.398489163,0.118174996,0.234132816,0.408872958,0.003971075,0.597209087,0.666670693,0.066757453,0.101110925,0.241617418,0.285847629,0.237762953,0.280100079,0.407266059,0.586602341,0.485522589,0.244646447,0.134415732,0.297502195,0.37571277,0.464361524,0.092665929,0.114442131,0.478346376,0.135778946,0.232536444,0.801792928,0.35739595,0.179604564
0.417208498,0.495135422,0.302623363,0.422925788,0.544784371,0.178350181,0.600716143,0.426755034,0.64022015,0.148441725,0.590929254,1,0.319412346,0.00784431,0.048047641,0.317397135,0.002243231,0.507912203,0.338274327,0.05712077,0.639629199,0.056353897,0.162783898,0.388807197,0.411791941,0.528933691,0.201107533,0.179664055,0.161648257,0.220239551,0.218259506,0.368535314,0.06607699,0.111116829,0.414327474,0.274366469,0.270018274,0.446116389,0.258193763,0.479607951,0.274050681,0.405690414,0.219005503,0.099430411,0.024959659,0.172397856,0.375830185,0.129317059,0.109598651,0.132991464,0.512531852,0.391387071,0.224434452,0.317256955,0.700996662,0.192636701,0.075959426,0.175631674,0.296849515,0.001233489,0.398602418,0.521546895,0.051125992,0.115538944,0.209738265,0.153781248,0.092966437,0.187278118,0.450928227,0.506286663,0.259948182,0.415735691,0.078161905,0.200808061,0.474928786,0.243493574,0.05910715,0.167748434,0.271073792,0.040817152,0.245371033,0.540914207,0.434328184,0.061069779
0.159525994,0.232576321,0.196987645,0.241712246,0.389616951,0.158363912,0.355364204,0.492763175,0.33344238,0.069350749,0.32802119,0.319412346,1,0.002807806,0.023412386,0.315664156,0.00139845,0.764246351,0.145999198,0.341646368,0.446254986,0.156665101,0.125469314,0.379072745,0.373610298,0.332350259,0.126922139,0.074278255,0.084401545,0.167810941,0.400414608,0.357610502,0.024904142,0.052709989,0.393744264,0.185255008,0.144676666,0.229853992,0.160005747,0.400358588,0.536397578,0.334592815,0.461138726,0.12413617,0.011045902,0.155216227,0.172726837,0.06087984,0.098834798,0.057151929,0.275009089,0.671713583,0.186930182,0.185230504,0.507823557,0.131378969,0.107339448,0.092075117,0.124055461,0.002536457,0.259421578,0.286669172,0.024825028,0.441577976,0.090610516,0.081129002,0.073722843,0.168147761,0.46726066,0.187935558,0.263094616,0.174181636,0.089493641,0.178190198,0.605790871,0.179227421,0.083896129,0.277283683,0.18730249,0.064461711,0.499840666,0.384295741,0.357321736,0.090792851
0.060663042,0.004523903,0.10063388,0.029554426,0.024950852,4.46E-05,0.011366723,0.001500791,0.004253379,0.131790805,0.007131547,0.00784431,0.002807806,1,0.289055674,0.000380094,0.324496499,0.008263516,0.037873332,0.000104494,0.002754152,1.18E-05,0.003728833,0.001218849,0.006013083,0.031426885,0.013578928,0.096714639,0.116384299,0.003783436,0.01561606,0.001342603,0.186510555,0.000273775,0.001559607,0.016304933,0.01361325,0.002672311,0.047822753,0.033487521,0.002359916,0.002929736,0.000223446,1.91E-05,0.684607614,4.52E-05,0.070751142,0.160580005,0.000384371,0.235083721,0.009276768,0.001592994,0.000863308,0.022664991,0.007568715,0.011443587,1.10E-05,0.205344068,0.064608774,4.41E-08,0.013242499,0.005809924,0.276890961,0.000402311,0.103014022,0.103897758,8.60E-05,5.35E-05,0.000778119,0.037543547,0.008647689,0.015340311,9.04E-06,6.06E-05,0.012376243,0.000356061,6.54E-06,4.81E-05,0.003099259,0.000122787,0.000455463,0.004494309,0.028245803,5.02E-05
0.223875414,0.051340712,0.408207744,0.217834929,0.163987225,0.001447797,0.09141018,0.013779954,0.04330064,0.3537415,0.074884613,0.048047641,0.023412386,0.289055674,1,0.004925923,0.174571678,0.060564374,0.248307202,0.001251692,0.030213055,0.000452986,0.04914418,0.017604814,0.060455358,0.160936564,0.072365583,0.306726872,0.413963032,0.042950521,0.062604536,0.016328339,0.745271346,0.007740839,0.025613414,0.040397585,0.058827603,0.025481299,0.276462515,0.16986035,0.017890565,0.039989153,0.005384116,0.000721439,0.465148953,0.001467799,0.227512893,0.494173488,0.008833359,0.555434539,0.08704892,0.021436856,0.010677189,0.201144689,0.069446181,0.120449235,0.000441506,0.513748152,0.329519727,8.80E-06,0.108510021,0.062060634,0.866430146,0.004392899,0.454128634,0.301993542,0.003875635,0.001679672,0.012982178,0.21324428,0.085194925,0.084524208,0.000525788,0.001887298,0.066287038,0.008161278,0.000282403,0.000903981,0.037111624,0.006207454,0.006208761,0.060535385,0.148887821,0.001760039
0.067453889,0.292200594,0.065581722,0.14929698,0.224626225,0.310250605,0.22792963,0.501417317,0.259855652,0.024930392,0.278324049,0.317397135,0.315664156,0.000380094,0.004925923,1,0.000131498,0.348580613,0.077264866,0.149931903,0.3299789,0.139254007,0.108176341,0.395512365,0.301038914,0.168555228,0.118797404,0.025372584,0.033019271,0.182386094,0.161117182,0.452829006,0.00551905,0.112383453,0.396097144,0.084755601,0.047091239,0.275213522,0.07283127,0.151825334,0.220651598,0.357330383,0.340515707,0.26025629,0.001852305,0.293613048,0.061379054,0.014508758,0.19436591,0.015396068,0.268627896,0.395540291,0.228122345,0.127266064,0.408757037,0.099962143,0.214982767,0.028726824,0.07322738,0.008062144,0.169566963,0.323896149,0.004683925,0.185336527,0.034612105,0.027731998,0.088510784,0.324486296,0.582058824,0.126289663,0.173268761,0.091032087,0.201558709,0.326282572,0.31211666,0.252037481,0.1752336,0.282680851,0.22518637,0.078747691,0.525518325,0.287978826,0.146511006,0.162786782
0.038040423,0.001380389,0.069357111,0.012562872,0.010788747,7.71E-06,0.005928611,0.001057,0.001746197,0.046523301,0.001950072,0.002243231,0.00139845,0.324496499,0.174571678,0.000131498,1,0.004553097,0.017413041,6.49E-05,0.000733526,2.30E-06,0.001021798,0.000306022,0.001479858,0.009684028,0.00470351,0.092009071,0.044502624,0.000679395,0.011694476,0.000496721,0.135395275,3.01E-05,0.000453925,0.002507883,0.009150257,0.000675138,0.015024383,0.013074426,0.002079192,0.000723391,8.60E-05,3.14E-06,0.184675963,7.39E-06,0.017272783,0.106032365,6.55E-05,0.175052421,0.003457741,0.000620608,0.000354589,0.006289243,0.003175823,0.003365884,1.49E-06,0.077776639,0.023221345,4.88E-09,0.002737547,0.00183166,0.2109103,0.00015726,0.080742653,0.036194768,1.00E-05,9.31E-06,0.000278264,0.015614921,0.002633601,0.008834386,1.25E-06,1.08E-05,0.007405542,5.79E-05,8.67E-07,1.19E-05,0.000521981,4.31E-05,0.000219539,0.001350939,0.02613156,6.72E-06
0.311963503,0.391605045,0.364782659,0.428610422,0.602564353,0.170137703,0.623650543,0.582853532,0.496681799,0.162204466,0.493749227,0.507912203,0.764246351,0.008263516,0.060564374,0.348580613,0.004553097,1,0.325213597,0.230557937,0.518754474,0.108003167,0.208021078,0.459165348,0.473938035,0.494274377,0.244523885,0.158838475,0.187707537,0.253965018,0.462281686,0.468745219,0.06704853,0.082190856,0.505093398,0.225907827,0.270790344,0.360438998,0.294105894,0.552829703,0.602474814,0.443826909,0.454164193,0.115740087,0.026439503,0.167034381,0.306963412,0.150065132,0.132097395,0.149229585,0.469805744,0.730404833,0.26645508,0.330286744,0.699574784,0.24080134,0.091254852,0.200438158,0.243840665,0.002111014,0.411380868,0.463433248,0.062732253,0.314785516,0.196363875,0.17516177,0.08693603,0.181765933,0.496095173,0.364175379,0.343347572,0.312557585,0.076362693,0.193752918,0.830604992,0.225468201,0.068467971,0.191536148,0.259426272,0.086734772,0.477583758,0.556964501,0.61412271,0.089909233
0.547108152,0.384978379,0.496966109,0.599749707,0.459378924,0.055172778,0.465668078,0.14441782,0.412479888,0.404992754,0.487452201,0.338274327,0.145999198,0.037873332,0.248307202,0.077264866,0.017413041,0.325213597,1,0.014474483,0.241138618,0.012763331,0.208066121,0.213689958,0.25483177,0.403710632,0.44314492,0.31774116,0.301244612,0.175029281,0.18441385,0.128045003,0.245004852,0.108378421,0.228547372,0.141701908,0.262667152,0.210377253,0.331669533,0.40036483,0.127649078,0.257590338,0.089579848,0.022497224,0.080572772,0.052104666,0.366512424,0.463461357,0.075069448,0.415068865,0.427068855,0.182306086,0.115214307,0.396064061,0.433843107,0.287988987,0.016407386,0.338547499,0.43962701,0.000501366,0.320487077,0.394446204,0.238598818,0.040790407,0.430906168,0.390302897,0.044421612,0.059659793,0.126348847,0.735311577,0.236910112,0.340404224,0.013973978,0.064172062,0.297312724,0.11304404,0.010874055,0.021902696,0.18073323,0.054551462,0.066345756,0.440563851,0.470073869,0.026372473
0.013434161,0.054448212,0.018065823,0.033202285,0.069249188,0.109130218,0.058509593,0.185284363,0.063938163,0.007320563,0.0613448,0.05712077,0.341646368,0.000104494,0.001251692,0.149931903,6.49E-05,0.230557937,0.014474483,1,0.09983308,0.139220042,0.038458363,0.144311141,0.100785017,0.047776712,0.026132944,0.004394547,0.010535709,0.056240006,0.110432099,0.16415775,0.001003164,0.014629845,0.134781142,0.021031754,0.017872042,0.062349,0.025235971,0.043487951,0.232040824,0.095439489,0.292547895,0.103735625,0.000524777,0.109660276,0.022649596,0.00490233,0.045073102,0.004971711,0.065028135,0.290689118,0.087976745,0.030050104,0.098507702,0.026849336,0.101261891,0.010536241,0.011364709,0.004350528,0.062782663,0.069551694,0.001117753,0.270126647,0.006402654,0.008641737,0.027787186,0.114405366,0.175982257,0.015983318,0.053667847,0.015061665,0.064485712,0.116963556,0.16200581,0.070308104,0.085193449,0.189709647,0.047700946,0.02710463,0.325162358,0.082609575,0.04974256,0.060471014
0.256360811,0.428706962,0.216823171,0.366677817,0.493986136,0.27612771,0.480274984,0.395281186,0.556403867,0.092707076,0.598508688,0.639629199,0.446254986,0.002754152,0.030213055,0.3299789,0.000733526,0.518754474,0.241138618,0.09983308,1,0.15910488,0.176890467,0.4345485,0.517624732,0.496017388,0.181984183,0.103486501,0.113031988,0.251199356,0.196198858,0.383192842,0.036882832,0.144982447,0.47800714,0.200214692,0.172577172,0.433742243,0.223643945,0.437200571,0.276956454,0.457096783,0.334501441,0.19150732,0.012579474,0.272581856,0.276996072,0.077281831,0.156380493,0.069656062,0.446063117,0.487233769,0.276399404,0.288430817,0.661370872,0.171045124,0.142393817,0.112501577,0.22193973,0.003561069,0.400603758,0.468018739,0.029813505,0.188580366,0.139821149,0.110915372,0.180297963,0.286623835,0.569210625,0.342734179,0.266928194,0.264774608,0.164421195,0.302770805,0.403647862,0.316193509,0.113345285,0.298004717,0.336804774,0.066174046,0.320699427,0.586094679,0.311114686,0.115947277
0.005604046,0.061915051,0.007541888,0.030455544,0.044508457,0.386308025,0.053880574,0.072001107,0.077485083,0.004599494,0.104414393,0.056353897,0.156665101,1.18E-05,0.000452986,0.139254007,2.30E-06,0.108003167,0.012763331,0.139220042,0.15910488,1,0.066654357,0.235133245,0.1151601,0.03984674,0.030545262,0.001450554,0.00477827,0.083826877,0.018920262,0.171448582,0.000410464,0.097375652,0.214750229,0.011281169,0.004648475,0.115417339,0.017198448,0.029772354,0.059025076,0.140873239,0.347965055,0.490497684,0.000119298,0.393907713,0.016406089,0.002214573,0.10750276,0.00155224,0.052221138,0.248868615,0.134935454,0.035840323,0.092956687,0.026003437,0.362819108,0.003945753,0.009375618,0.040822883,0.069179865,0.070309853,0.000324377,0.096541081,0.003120739,0.007357415,0.199120794,0.388060135,0.190710768,0.015879259,0.055458793,0.009262553,0.348701702,0.382990239,0.051292845,0.218697344,0.328987414,0.22277776,0.095805662,0.093972521,0.185629906,0.14856713,0.017729308,0.291751068
0.063430613,0.453771296,0.143681826,0.388353404,0.330779267,0.174418994,0.163504413,0.08002165,0.242635719,0.251938162,0.400297074,0.162783898,0.125469314,0.003728833,0.04914418,0.108176341,0.001021798,0.208021078,0.208066121,0.038458363,0.176890467,0.066654357,1,0.420227267,0.447323357,0.215124556,0.297338112,0.037263944,0.294917569,0.631640001,0.060725619,0.231018895,0.029639139,0.318029236,0.499244594,0.032782411,0.021265205,0.189863368,0.430810984,0.118056713,0.067419788,0.552509785,0.186261759,0.144694034,0.012354163,0.18422035,0.198666764,0.152705365,0.42374408,0.117028888,0.463395526,0.310201705,0.138892382,0.601154449,0.255861915,0.658712121,0.120575864,0.205747281,0.224777837,0.005560688,0.503377348,0.470296043,0.028666086,0.028671905,0.09898483,0.248897998,0.154004793,0.187327838,0.135888624,0.189724599,0.568617056,0.037935037,0.092486067,0.19604795,0.138636643,0.422369349,0.105883921,0.03037669,0.439743905,0.309426295,0.11179349,0.518260773,0.095842718,0.207191878
0.106105945,0.48799062,0.127772293,0.336456438,0.378236777,0.53968355,0.311419553,0.263257781,0.422857716,0.107837867,0.620080476,0.388807197,0.379072745,0.001218849,0.017604814,0.395512365,0.000306022,0.459165348,0.213689958,0.144311141,0.4345485,0.235133245,0.420227267,1,0.510847786,0.316713237,0.273267905,0.037003918,0.109092248,0.435954776,0.143463471,0.529687844,0.015909461,0.363118176,0.817330212,0.13680725,0.063130742,0.455898598,0.22680355,0.224136882,0.201122457,0.654673031,0.499173362,0.391806094,0.005853428,0.542994369,0.201634235,0.059295183,0.347545239,0.052911621,0.446035252,0.668000054,0.312396664,0.362286182,0.501465733,0.303541301,0.308496855,0.096439069,0.166332016,0.016034026,0.466089054,0.538051495,0.013534317,0.168632889,0.071092471,0.117754355,0.280366077,0.560176649,0.413998644,0.25298412,0.389978596,0.099426815,0.259621668,0.581903971,0.324294705,0.685837216,0.258260207,0.185406112,0.404913834,0.232361677,0.404800376,0.687097448,0.181126901,0.358036746
0.157883966,0.608134608,0.302804096,0.55644925,0.704335981,0.254574612,0.35142215,0.248208817,0.380806019,0.197080533,0.628480402,0.411791941,0.373610298,0.006013083,0.060455358,0.301038914,0.001479858,0.473938035,0.25483177,0.100785017,0.517624732,0.1151601,0.447323357,0.510847786,1,0.6048752,0.310155183,0.089828133,0.313257974,0.655937789,0.195932888,0.413885986,0.052021193,0.272825171,0.648221955,0.15784986,0.072598977,0.349255715,0.534856393,0.368949481,0.171039126,0.75198667,0.289141994,0.208756839,0.024343779,0.267339745,0.376786632,0.116596192,0.44234539,0.115540553,0.664043125,0.535346332,0.207374518,0.615929687,0.561388604,0.534265772,0.159703663,0.248080015,0.414040298,0.006545952,0.726192103,0.695293227,0.046611563,0.15390105,0.186752396,0.205715218,0.231361957,0.26886101,0.447532716,0.314802505,0.581246815,0.120789486,0.170389631,0.284006899,0.347424042,0.484685778,0.129439681,0.131907225,0.750607586,0.143007923,0.297051257,0.634935152,0.226692812,0.229320577
0.41537071,0.41622107,0.626647278,0.662377919,0.810379494,0.091452347,0.481146841,0.214212961,0.406932144,0.326232174,0.57588331,0.528933691,0.332350259,0.031426885,0.160936564,0.168555228,0.009684028,0.494274377,0.403710632,0.047776712,0.496017388,0.03984674,0.215124556,0.316713237,0.6048752,1,0.304851767,0.300251431,0.41051013,0.318905109,0.272143348,0.303744434,0.169358828,0.111194814,0.366532374,0.303257889,0.173740669,0.331854383,0.560296614,0.625412943,0.189517667,0.434888888,0.132748077,0.057587792,0.100032357,0.092697956,0.649891015,0.232961259,0.135933149,0.266211169,0.504319265,0.329672741,0.155065376,0.492777055,0.610356416,0.32894495,0.036372939,0.422983162,0.677610853,0.00082998,0.574898715,0.490464154,0.151910671,0.114132813,0.45323346,0.347801753,0.081632029,0.098161024,0.283316026,0.55272339,0.393937557,0.281312685,0.040157744,0.10551603,0.413317785,0.198891762,0.027059932,0.065874227,0.414530872,0.045240986,0.162868369,0.48834236,0.43489286,0.064344988
0.173434194,0.348290742,0.23894346,0.469707253,0.357213025,0.100194321,0.24986225,0.109292995,0.248603384,0.303981725,0.41107358,0.201107533,0.126922139,0.013578928,0.072365583,0.118797404,0.00470351,0.244523885,0.44314492,0.026132944,0.181984183,0.030545262,0.297338112,0.273267905,0.310155183,0.304851767,1,0.10576365,0.195350139,0.251452268,0.141679659,0.174948051,0.04741149,0.181383391,0.268669651,0.07867964,0.046193626,0.218877946,0.232527817,0.190375866,0.07285973,0.33030488,0.085302244,0.057483602,0.034713826,0.095731591,0.207563293,0.173170769,0.171963173,0.180452745,0.362823818,0.171406584,0.15869252,0.311817096,0.339428788,0.263554627,0.031490441,0.191330917,0.315232123,0.001323407,0.272235896,0.359648166,0.054027915,0.035963936,0.196757751,0.339470031,0.047620613,0.107639692,0.118758204,0.372364723,0.229057126,0.08397819,0.02123147,0.109289571,0.178139072,0.168110009,0.021479434,0.02132466,0.267429012,0.08164021,0.090775307,0.355403994,0.190749931,0.072974272
0.604226281,0.098287141,0.659148863,0.313750046,0.334160468,0.004558691,0.301557885,0.08584853,0.177723859,0.207429877,0.14835623,0.179664055,0.074278255,0.096714639,0.306726872,0.025372584,0.092009071,0.158838475,0.31774116,0.004394547,0.103486501,0.001450554,0.037263944,0.037003918,0.089828133,0.300251431,0.10576365,1,0.234423862,0.032388333,0.162262954,0.041107579,0.41269609,0.007155662,0.048832592,0.093536041,0.175134427,0.070318516,0.188969306,0.355894825,0.073731546,0.068251148,0.014290638,0.001974025,0.175520534,0.004172323,0.211854135,0.319904622,0.009477227,0.35710121,0.141861538,0.050637082,0.030180727,0.13839763,0.23349284,0.081561002,0.001165094,0.281606048,0.397694993,6.97E-06,0.09341226,0.108879472,0.41901452,0.01062595,0.672442649,0.197501183,0.003435639,0.005008686,0.047030169,0.456065396,0.092799171,0.339526566,0.001191896,0.005755056,0.187403278,0.01342949,0.000775395,0.005976985,0.042855493,0.004874981,0.021252859,0.112752936,0.485055581,0.002026003
0.21855699,0.247090477,0.547181457,0.493912625,0.484832051,0.015735211,0.190998877,0.050927737,0.138766843,0.601825669,0.248528737,0.161648257,0.084401545,0.116384299,0.413963032,0.033019271,0.044502624,0.187707537,0.301244612,0.010535709,0.113031988,0.00477827,0.294917569,0.109092248,0.313257974,0.41051013,0.195350139,0.234423862,1,0.293677448,0.112728625,0.096331233,0.313038319,0.04810178,0.157634458,0.081493017,0.067764397,0.101753278,0.849379394,0.261803252,0.055324626,0.223318838,0.035191525,0.010163772,0.224172644,0.017002167,0.530278127,0.499277886,0.086653978,0.536246367,0.358158684,0.123688384,0.046041882,0.59855769,0.200580817,0.523227587,0.007112304,0.868548595,0.599723747,0.000115813,0.470627372,0.291427622,0.316142709,0.01659105,0.44785103,0.51002298,0.025500805,0.017737111,0.057215128,0.307607977,0.377078572,0.092084585,0.00723807,0.019574738,0.179878286,0.076850792,0.0054433,0.006638921,0.230818521,0.033513824,0.037997957,0.230046052,0.213035445,0.019406454
0.068316876,0.518585831,0.147354963,0.379897632,0.396815339,0.222669252,0.180955305,0.109276924,0.213828356,0.197948813,0.427884107,0.220239551,0.167810941,0.003783436,0.042950521,0.182386094,0.000679395,0.253965018,0.175029281,0.056240006,0.251199356,0.083826877,0.631640001,0.435954776,0.655937789,0.318905109,0.251452268,0.032388333,0.293677448,1,0.086434502,0.291344319,0.029633355,0.383307851,0.5408157,0.070883998,0.028185297,0.249318158,0.48694989,0.167533344,0.076077932,0.644258358,0.202629306,0.189965479,0.014673008,0.240369391,0.270311202,0.094259829,0.681834348,0.084789321,0.524165659,0.36011601,0.138104643,0.595136133,0.293650721,0.677279958,0.161566618,0.211459704,0.277994133,0.009111033,0.721833945,0.563960925,0.026768302,0.064136907,0.08731742,0.197393718,0.240341626,0.240307484,0.227461984,0.180251824,0.547049107,0.047114606,0.151488626,0.247335068,0.178460484,0.474154082,0.137038119,0.056100918,0.777806229,0.209302641,0.167023987,0.481146406,0.095816655,0.286816632
0.26828219,0.143945814,0.267120801,0.209303598,0.312976306,0.034783622,0.308156539,0.338186374,0.174373142,0.103353015,0.191125414,0.218259506,0.400414608,0.01561606,0.062604536,0.161117182,0.011694476,0.462281686,0.18441385,0.110432099,0.196198858,0.018920262,0.060725619,0.143463471,0.195932888,0.272143348,0.141679659,0.162262954,0.112728625,0.086434502,1,0.151146561,0.063385769,0.017304476,0.130692706,0.199683075,0.187546031,0.166616152,0.138522896,0.373392094,0.305015958,0.147962758,0.103041775,0.018822099,0.038333407,0.03197323,0.175636398,0.099433419,0.039635413,0.112405563,0.19703964,0.218240507,0.144559482,0.133542656,0.338447467,0.10042365,0.013741715,0.147660122,0.166452289,0.000323732,0.16907773,0.174691384,0.07391729,0.186825672,0.147717808,0.098233411,0.015464504,0.038235448,0.213751419,0.22097672,0.135106476,0.254733973,0.012141243,0.040537313,0.567768557,0.043342828,0.00913469,0.071306266,0.098744046,0.016459048,0.194104977,0.172937142,0.448916115,0.016397133
0.091360783,0.358132095,0.129807031,0.261395096,0.350866234,0.303720335,0.273355472,0.33710278,0.291439884,0.06756571,0.377064616,0.368535314,0.357610502,0.001342603,0.016328339,0.452829006,0.000496721,0.468745219,0.128045003,0.16415775,0.383192842,0.171448582,0.231018895,0.529687844,0.413885986,0.303744434,0.174948051,0.041107579,0.096331233,0.291344319,0.151146561,1,0.016103832,0.156640255,0.55945431,0.086620926,0.062541749,0.323710982,0.191124883,0.206899334,0.278395197,0.449546493,0.399784901,0.270487896,0.005971965,0.312008311,0.156963407,0.041094976,0.209703409,0.04539673,0.383950484,0.529203274,0.299122015,0.260678275,0.469033153,0.185004055,0.187536716,0.082270729,0.138276586,0.010004946,0.321516748,0.431744879,0.012708466,0.192991107,0.086334431,0.079810344,0.130751428,0.326535856,0.474724609,0.173563952,0.306636236,0.094560488,0.179526032,0.326325329,0.353953436,0.34650942,0.158469942,0.17459924,0.2860908,0.135422534,0.492950049,0.417449756,0.193868091,0.230168209
0.312980904,0.045913713,0.468673834,0.209190303,0.170412163,0.001314264,0.131287397,0.017674694,0.052594949,0.259794595,0.080671003,0.06607699,0.024904142,0.186510555,0.745271346,0.00551905,0.135395275,0.06704853,0.245004852,0.001003164,0.036882832,0.000410464,0.029639139,0.015909461,0.052021193,0.169358828,0.04741149,0.41269609,0.313038319,0.029633355,0.063385769,0.016103832,1,0.005892425,0.025544075,0.05195358,0.098120622,0.031447076,0.219594394,0.214264894,0.018793306,0.036004802,0.005002615,0.00060848,0.346464602,0.001329577,0.238707092,0.434625988,0.005624047,0.453360173,0.074719339,0.02338629,0.009723238,0.160576544,0.078987567,0.088368503,0.000355431,0.394852344,0.320753518,4.92E-06,0.090600986,0.05576164,0.887369566,0.004065915,0.473488088,0.230242987,0.003687763,0.001517282,0.014866916,0.253803392,0.074792622,0.135014064,0.000543245,0.001726971,0.076380082,0.007397785,0.000222004,0.001035502,0.029412541,0.003642213,0.005941657,0.060982387,0.206960307,0.001332063
0.021900385,0.28796064,0.034384318,0.187987949,0.12784011,0.365408838,0.081601544,0.037363174,0.143804629,0.060509016,0.311802121,0.111116829,0.052709989,0.000273775,0.007740839,0.112383453,3.01E-05,0.082190856,0.108378421,0.014629845,0.144982447,0.097375652,0.318029236,0.363118176,0.272825171,0.111194814,0.181383391,0.007155662,0.04810178,0.383307851,0.017304476,0.156640255,0.005892425,1,0.388026165,0.027184346,0.007422648,0.175545408,0.109329166,0.053585664,0.017945625,0.417383867,0.115860427,0.243903687,0.00165916,0.379233747,0.076030895,0.021651813,0.421643883,0.017408703,0.208941142,0.159060483,0.08099045,0.24201567,0.156656636,0.224128334,0.229051605,0.034280822,0.093800733,0.040412828,0.258146116,0.287246577,0.004433368,0.023310037,0.023365973,0.068701471,0.363363954,0.374293497,0.129751178,0.107249723,0.217147183,0.017566824,0.206468996,0.378967608,0.042055805,0.532068831,0.191396988,0.027755431,0.398423086,0.202312558,0.064378558,0.321294103,0.025816257,0.446285044
0.117916423,0.602607214,0.175801588,0.446322291,0.485262284,0.473872714,0.367447376,0.294832291,0.463474767,0.130569082,0.673542621,0.414327474,0.393744264,0.001559607,0.025613414,0.396097144,0.000453925,0.505093398,0.228547372,0.134781142,0.47800714,0.214750229,0.499244594,0.817330212,0.648221955,0.366532374,0.268669651,0.048832592,0.157634458,0.5408157,0.130692706,0.55945431,0.025544075,0.388026165,1,0.108699613,0.063505465,0.432528823,0.313328136,0.260224373,0.200671959,0.802811613,0.488519931,0.386666001,0.007663289,0.488773994,0.232420501,0.078723809,0.418016215,0.071528818,0.572528527,0.764831235,0.26261841,0.500997846,0.558940198,0.417871516,0.30460687,0.12370712,0.217597496,0.014270273,0.54054227,0.670583772,0.020527066,0.147222828,0.100134295,0.147667113,0.326556773,0.49471107,0.492266939,0.284686291,0.542184577,0.100816223,0.305861197,0.518482703,0.329554186,0.754481187,0.25924881,0.155388799,0.513601456,0.264228805,0.417456321,0.763451409,0.210054203,0.396042403
0.212645071,0.103874799,0.167850126,0.152777308,0.208918317,0.029033579,0.208852822,0.106580956,0.122388283,0.085519842,0.196050114,0.274366469,0.185255008,0.016304933,0.040397585,0.084755601,0.002507883,0.225907827,0.141701908,0.021031754,0.200214692,0.011281169,0.032782411,0.13680725,0.15784986,0.303257889,0.07867964,0.093536041,0.081493017,0.070883998,0.199683075,0.086620926,0.05195358,0.027184346,0.108699613,1,0.167342221,0.167003378,0.118193412,0.429313166,0.093499063,0.119375698,0.047452269,0.014372941,0.049089107,0.028425261,0.227682689,0.051483556,0.026459057,0.063061506,0.121776163,0.123221803,0.050678985,0.118155083,0.221143137,0.063975108,0.011644041,0.118962093,0.168811475,0.000170808,0.168391428,0.129907875,0.046258373,0.101119497,0.089476965,0.082044196,0.028355823,0.031396671,0.123030148,0.225215551,0.087870557,0.226306976,0.0115027,0.033967575,0.276362711,0.056487142,0.007923641,0.048361053,0.096392888,0.006096855,0.084592394,0.142744337,0.188885177,0.016495787
0.473074433,0.106889994,0.201002419,0.122335886,0.177095151,0.015468902,0.277773338,0.189497525,0.174234706,0.055350998,0.138535616,0.270018274,0.144676666,0.01361325,0.058827603,0.047091239,0.009150257,0.270790344,0.262667152,0.017872042,0.172577172,0.004648475,0.021265205,0.063130742,0.072598977,0.173740669,0.046193626,0.175134427,0.067764397,0.028185297,0.187546031,0.062541749,0.098120622,0.007422648,0.063505465,0.167342221,1,0.098367105,0.084465946,0.318315305,0.254377819,0.050581057,0.062373027,0.005420774,0.024714232,0.014414657,0.155039325,0.111874908,0.007693903,0.113009997,0.148000011,0.104769479,0.061862324,0.072499366,0.205655246,0.038840411,0.004368995,0.098799853,0.089256854,5.47E-05,0.090583904,0.12272674,0.082859478,0.077245313,0.146405239,0.051221728,0.010116602,0.016956653,0.09764364,0.226006501,0.04689655,0.48838685,0.004447728,0.018312181,0.379945836,0.020612702,0.002868258,0.043241578,0.028806205,0.005139719,0.064706128,0.121449999,0.445772245,0.003179616
0.18701575,0.280838857,0.152586309,0.274861281,0.348680938,0.221604779,0.416115673,0.239180902,0.320079573,0.117059775,0.562026645,0.446116389,0.229853992,0.002672311,0.025481299,0.275213522,0.000675138,0.360438998,0.210377253,0.062349,0.433742243,0.115417339,0.189863368,0.455898598,0.349255715,0.331854383,0.218877946,0.070318516,0.101753278,0.249318158,0.166616152,0.323710982,0.031447076,0.175545408,0.432528823,0.167003378,0.098367105,1,0.184981143,0.318980595,0.142644936,0.333932182,0.184561744,0.157201005,0.012396817,0.21447552,0.261554847,0.071504547,0.143507455,0.063939469,0.290706792,0.346669118,0.44915818,0.262499544,0.423487027,0.163449057,0.092752461,0.108011067,0.185186204,0.003500143,0.356505883,0.322456262,0.024150656,0.082705345,0.098365117,0.136148518,0.219309206,0.233036016,0.382968628,0.293848786,0.229697885,0.194148853,0.116029893,0.243029603,0.314975669,0.278950939,0.075432598,0.120730492,0.266426394,0.066274708,0.219240983,0.434992663,0.231352783,0.148310656
0.224737934,0.389231741,0.521872963,0.603503728,0.641096975,0.048061446,0.265257665,0.089157208,0.223214871,0.488887183,0.408956841,0.258193763,0.160005747,0.047822753,0.276462515,0.07283127,0.015024383,0.294105894,0.331669533,0.025235971,0.223643945,0.017198448,0.430810984,0.22680355,0.534856393,0.560296614,0.232527817,0.188969306,0.849379394,0.48694989,0.138522896,0.191124883,0.219594394,0.109329166,0.313328136,0.118193412,0.084465946,0.184981143,1,0.347120691,0.091953259,0.397856881,0.087402921,0.034301726,0.124835565,0.052228748,0.612729835,0.36905285,0.178506307,0.376211856,0.515696582,0.24587599,0.088464367,0.758014517,0.318335823,0.656871176,0.025000378,0.718075579,0.631820739,0.000605965,0.705316885,0.461619674,0.205290408,0.04075337,0.399886074,0.445029068,0.076190065,0.053243407,0.129463601,0.355119708,0.548620626,0.115672079,0.027031865,0.057941684,0.252610533,0.180892298,0.020012551,0.020665669,0.40704272,0.071253377,0.084524957,0.393056606,0.24104175,0.05745361
0.519582178,0.261501262,0.553961902,0.458022541,0.591088489,0.050464554,0.587785822,0.281910158,0.351561271,0.232615131,0.453880882,0.479607951,0.400358588,0.033487521,0.16986035,0.151825334,0.013074426,0.552829703,0.40036483,0.043487951,0.437200571,0.029772354,0.118056713,0.224136882,0.368949481,0.625412943,0.190375866,0.355894825,0.261803252,0.167533344,0.373392094,0.206899334,0.214264894,0.053585664,0.260224373,0.429313166,0.318315305,0.318980595,0.347120691,1,0.262259994,0.272435618,0.131558699,0.03150434,0.095987112,0.049018592,0.433754947,0.228880962,0.065155658,0.232461314,0.336796673,0.303090065,0.146138069,0.35379256,0.569342175,0.201021871,0.022205518,0.317672728,0.423788166,0.000411543,0.35824102,0.319734823,0.189831075,0.135831442,0.384808063,0.243622006,0.061371274,0.054799284,0.305585083,0.550724083,0.278190507,0.52812286,0.02667333,0.060331546,0.584839111,0.104919413,0.015869907,0.076016717,0.208303954,0.032191401,0.175749485,0.384482799,0.610576176,0.033603653
0.163195166,0.178776916,0.136910537,0.139357738,0.245872868,0.084600206,0.313423117,0.552421266,0.274475718,0.040621149,0.179867222,0.274050681,0.536397578,0.002359916,0.017890565,0.220651598,0.002079192,0.602474814,0.127649078,0.232040824,0.276956454,0.059025076,0.067419788,0.201122457,0.171039126,0.189517667,0.07285973,0.073731546,0.055324626,0.076077932,0.305015958,0.278395197,0.018793306,0.017945625,0.200671959,0.093499063,0.254377819,0.142644936,0.091953259,0.262259994,1,0.150882664,0.358447114,0.053842586,0.006363604,0.079368403,0.095189334,0.051360121,0.039797887,0.05427251,0.231864991,0.398977864,0.181367462,0.099303564,0.357157252,0.070030653,0.048096967,0.06288364,0.064895904,0.000906952,0.13531597,0.210349578,0.019265245,0.291651701,0.078091744,0.042934086,0.02525384,0.089561604,0.335170316,0.136411641,0.109495372,0.235990844,0.035987007,0.094918499,0.62694101,0.072367325,0.038412323,0.212062129,0.072777531,0.036592753,0.408369108,0.226578875,0.405453532,0.02620514
0.128070365,0.683363343,0.226908494,0.560123607,0.572464163,0.377536133,0.363161815,0.251497187,0.484835992,0.182008487,0.641485085,0.405690414,0.334592815,0.002929736,0.039989153,0.357330383,0.000723391,0.443826909,0.257590338,0.095439489,0.457096783,0.140873239,0.552509785,0.654673031,0.75198667,0.434888888,0.33030488,0.068251148,0.223318838,0.644258358,0.147962758,0.449546493,0.036004802,0.417383867,0.802811613,0.119375698,0.050581057,0.333932182,0.397856881,0.272435618,0.150882664,1,0.347667472,0.279918738,0.013397067,0.387207858,0.262938813,0.099661045,0.529964198,0.09235711,0.635542937,0.59980781,0.185122219,0.588406657,0.590453307,0.550660059,0.254064836,0.168106454,0.336333381,0.010057773,0.615637323,0.717163829,0.031232253,0.10835118,0.132340764,0.192730019,0.232807275,0.395811407,0.423096945,0.327232853,0.605692185,0.100771028,0.223751808,0.417278837,0.291696098,0.655646397,0.208051789,0.118626321,0.685802433,0.218307023,0.289138791,0.744048802,0.199794283,0.318927136
0.045042304,0.269596608,0.053058807,0.122827478,0.191416508,0.433667551,0.220442397,0.355696795,0.295401395,0.024598562,0.265346083,0.219005503,0.461138726,0.000223446,0.005384116,0.340515707,8.60E-05,0.454164193,0.089579848,0.292547895,0.334501441,0.347965055,0.186261759,0.499173362,0.289141994,0.132748077,0.085302244,0.014290638,0.035191525,0.202629306,0.103041775,0.399784901,0.005002615,0.115860427,0.488519931,0.047452269,0.062373027,0.184561744,0.087402921,0.131558699,0.358447114,0.347667472,1,0.39151737,0.001084629,0.435118472,0.062216771,0.021120746,0.191112573,0.016373704,0.258889494,0.697842185,0.216174578,0.14662576,0.334581967,0.128644006,0.387834831,0.02952238,0.043388762,0.022388924,0.215607385,0.297258864,0.004290772,0.292316649,0.025029614,0.027664276,0.171027905,0.448737025,0.443276018,0.082805385,0.17987843,0.07184789,0.299838521,0.46421697,0.318379444,0.353796064,0.325994177,0.400264814,0.184796826,0.210502292,0.536281877,0.430772194,0.137466703,0.195269343
0.007979007,0.160623946,0.011200643,0.054609667,0.075734796,0.689807972,0.066943246,0.100871272,0.119075146,0.007751356,0.173140484,0.099430411,0.12413617,1.91E-05,0.000721439,0.26025629,3.14E-06,0.115740087,0.022497224,0.103735625,0.19150732,0.490497684,0.144694034,0.391806094,0.208756839,0.057587792,0.057483602,0.001974025,0.010163772,0.189965479,0.018822099,0.270487896,0.00060848,0.243903687,0.386666001,0.014372941,0.005420774,0.157201005,0.034301726,0.03150434,0.053842586,0.279918738,0.39151737,1,0.000168025,0.713971063,0.024261669,0.003404739,0.282696136,0.002641237,0.125693735,0.301378142,0.165980293,0.076564082,0.131814261,0.066772946,0.600651366,0.006917214,0.018935613,0.072261303,0.12326318,0.172389968,0.000476258,0.086000009,0.005492338,0.010789411,0.307766545,0.6911025,0.28280418,0.02838996,0.099133988,0.010701566,0.610252251,0.682780784,0.05955649,0.504922197,0.549758344,0.222481883,0.202148094,0.17433412,0.263766612,0.23974912,0.020372157,0.473801435
0.126939228,0.01435688,0.221511839,0.086314754,0.075352549,0.00032415,0.037740909,0.004959233,0.014226602,0.232726114,0.028304567,0.024959659,0.011045902,0.684607614,0.465148953,0.001852305,0.184675963,0.026439503,0.080572772,0.000524777,0.012579474,0.000119298,0.012354163,0.005853428,0.024343779,0.100032357,0.034713826,0.175520534,0.224172644,0.014673008,0.038333407,0.005971965,0.346464602,0.00165916,0.007663289,0.049089107,0.024714232,0.012396817,0.124835565,0.095987112,0.006363604,0.013397067,0.001084629,0.000168025,1,0.000333689,0.182692386,0.225466477,0.002044732,0.315582976,0.026517232,0.00725421,0.003726594,0.068518061,0.026044017,0.033385868,8.69E-05,0.354192876,0.177703517,5.59E-07,0.046217092,0.018750453,0.459196035,0.001739297,0.200210486,0.216426639,0.000739928,0.00038322,0.003924049,0.097182864,0.029433212,0.034967249,9.46E-05,0.000426268,0.031458784,0.002171753,5.37E-05,0.000294759,0.0140382,0.000624619,0.002113003,0.017752487,0.065072806,0.000449361
0.018826654,0.276358881,0.019816883,0.09699287,0.116940473,0.982781656,0.104412377,0.135219308,0.208622723,0.015434,0.265568761,0.172397856,0.155216227,4.52E-05,0.001467799,0.293613048,7.39E-06,0.167034381,0.052104666,0.109660276,0.272581856,0.393907713,0.18422035,0.542994369,0.267339745,0.092697956,0.095731591,0.004172323,0.017002167,0.240369391,0.03197323,0.312008311,0.001329577,0.379233747,0.488773994,0.028425261,0.014414657,0.21447552,0.052228748,0.049018592,0.079368403,0.387207858,0.435118472,0.713971063,0.000333689,1,0.045336079,0.006979169,0.317208322,0.005836187,0.204735351,0.367092997,0.178210202,0.10865143,0.207765046,0.09832578,0.637415379,0.012662875,0.034349761,0.065356951,0.188090776,0.276784533,0.00102199,0.113650899,0.010185119,0.018949521,0.326756316,0.978285822,0.316217616,0.057651222,0.127131384,0.022111702,0.522061885,0.978083343,0.088083799,0.638219695,0.551507895,0.238156104,0.260113448,0.158002034,0.256172302,0.345482648,0.036041225,0.444413015
0.369225082,0.260831256,0.511296853,0.502183458,0.543338276,0.042880937,0.320543315,0.091127897,0.248986054,0.501095784,0.430821398,0.375830185,0.172726837,0.070751142,0.227512893,0.061379054,0.017272783,0.306963412,0.366512424,0.022649596,0.276996072,0.016406089,0.198666764,0.201634235,0.376786632,0.649891015,0.207563293,0.211854135,0.530278127,0.270311202,0.175636398,0.156963407,0.238707092,0.076030895,0.232420501,0.227682689,0.155039325,0.261554847,0.612729835,0.433754947,0.095189334,0.262938813,0.062216771,0.024261669,0.182692386,0.045336079,1,0.385645059,0.070617044,0.411621081,0.342718216,0.207800628,0.09891936,0.472431767,0.316793846,0.297918627,0.015418271,0.641709695,0.535675023,0.000294798,0.577905619,0.316167889,0.208776665,0.049433128,0.350421647,0.493511469,0.060990374,0.046999602,0.118060077,0.433649069,0.312207546,0.184707191,0.018052749,0.051029025,0.267239663,0.127287914,0.01143732,0.023402084,0.262941906,0.022440999,0.065110614,0.343870066,0.296897625,0.034353894
0.348411883,0.131048575,0.500027354,0.382086198,0.284844533,0.006963957,0.205265814,0.041591305,0.156896415,0.664172623,0.189745114,0.129317059,0.06087984,0.160580005,0.494173488,0.014508758,0.106032365,0.150065132,0.463461357,0.00490233,0.077281831,0.002214573,0.152705365,0.059295183,0.116596192,0.232961259,0.173170769,0.319904622,0.499277886,0.094259829,0.099433419,0.041094976,0.434625988,0.021651813,0.078723809,0.051483556,0.111874908,0.071504547,0.36905285,0.228880962,0.051360121,0.099661045,0.021120746,0.003404739,0.225466477,0.006979169,0.385645059,1,0.020855355,0.816343293,0.189030458,0.070559765,0.035066195,0.316305497,0.156593488,0.220239753,0.00242556,0.60562982,0.350160169,2.77E-05,0.203338095,0.144806128,0.459799005,0.008027495,0.442347197,0.594501178,0.009509346,0.007842721,0.029064848,0.381378761,0.188426136,0.141293315,0.002036927,0.0087776,0.145246744,0.028681705,0.001722833,0.003204607,0.072983706,0.016798464,0.01605844,0.178805425,0.279853298,0.005478865
0.020679883,0.395331265,0.047575994,0.188541171,0.194739461,0.301796463,0.092655086,0.08006527,0.133108905,0.0557027,0.256924904,0.109598651,0.098834798,0.000384371,0.008833359,0.19436591,6.55E-05,0.132097395,0.075069448,0.045073102,0.156380493,0.10750276,0.42374408,0.347545239,0.44234539,0.135933149,0.171963173,0.009477227,0.086653978,0.681834348,0.039635413,0.209703409,0.005624047,0.421643883,0.418016215,0.026459057,0.007693903,0.143507455,0.178506307,0.065155658,0.039797887,0.529964198,0.191112573,0.282696136,0.002044732,0.317208322,0.070617044,0.020855355,1,0.018065008,0.329679228,0.247332828,0.09693532,0.29090099,0.193109498,0.413948056,0.250863538,0.049912029,0.114908863,0.025716461,0.361579582,0.401106555,0.005093324,0.043757946,0.027089207,0.057474127,0.222481161,0.316518951,0.202462193,0.078525716,0.297426125,0.018570213,0.228628486,0.321334716,0.082152456,0.463210979,0.214842398,0.057695062,0.64644881,0.269728996,0.148156715,0.319184822,0.037769268,0.370599356
0.375430701,0.133489414,0.548671337,0.3975221,0.297914698,0.005828365,0.18671443,0.042708188,0.132148684,0.640122455,0.163842021,0.132991464,0.057151929,0.235083721,0.555434539,0.015396068,0.175052421,0.149229585,0.415068865,0.004971711,0.069656062,0.00155224,0.117028888,0.052911621,0.115540553,0.266211169,0.180452745,0.35710121,0.536246367,0.084789321,0.112405563,0.04539673,0.453360173,0.017408703,0.071528818,0.063061506,0.113009997,0.063939469,0.376211856,0.232461314,0.05427251,0.09235711,0.016373704,0.002641237,0.315582976,0.005836187,0.411621081,0.816343293,0.018065008,1,0.201772092,0.061889266,0.029842528,0.303065617,0.154446174,0.193565931,0.001766021,0.681440518,0.399022908,1.99E-05,0.191965851,0.151656552,0.50582093,0.009534228,0.517078515,0.559869641,0.006970351,0.006531452,0.029130588,0.377320081,0.152586814,0.135933059,0.001510486,0.007327129,0.149276292,0.024852928,0.001215441,0.002686393,0.068304946,0.011013003,0.018054462,0.142894622,0.287279122,0.004508428
0.273641151,0.906001,0.353763093,0.637008314,0.671617546,0.204540649,0.421230963,0.317849324,0.509623285,0.235060908,0.614698323,0.512531852,0.275009089,0.009276768,0.08704892,0.268627896,0.003457741,0.469805744,0.427068855,0.065028135,0.446063117,0.052221138,0.463395526,0.446035252,0.664043125,0.504319265,0.362823818,0.141861538,0.358158684,0.524165659,0.19703964,0.383950484,0.074719339,0.208941142,0.572528527,0.121776163,0.148000011,0.290706792,0.515696582,0.336796673,0.231864991,0.635542937,0.258889494,0.125693735,0.026517232,0.204735351,0.342718216,0.189030458,0.329679228,0.201772092,1,0.442070102,0.207175374,0.620968992,0.614202432,0.564541649,0.096270744,0.283833666,0.417221145,0.003250761,0.605266253,0.935335752,0.069667977,0.103583697,0.265595567,0.225830632,0.121514783,0.21747245,0.377482401,0.44744016,0.479238654,0.194677742,0.093354721,0.229294926,0.402819915,0.37309333,0.076422992,0.096736796,0.507511864,0.136272353,0.258058122,0.645537765,0.338075595,0.110810595
0.123411573,0.422724549,0.175766744,0.318133186,0.448611162,0.356676864,0.419107256,0.439350798,0.441940607,0.093244947,0.500256779,0.391387071,0.671713583,0.001592994,0.021436856,0.395540291,0.000620608,0.730404833,0.182306086,0.290689118,0.487233769,0.248868615,0.310201705,0.668000054,0.535346332,0.329672741,0.171406584,0.050637082,0.123688384,0.36011601,0.218240507,0.529203274,0.02338629,0.159060483,0.764831235,0.123221803,0.104769479,0.346669118,0.24587599,0.303090065,0.398977864,0.59980781,0.697842185,0.301378142,0.00725421,0.367092997,0.207800628,0.070559765,0.247332828,0.061889266,0.442070102,1,0.258277736,0.341293444,0.543528419,0.282345456,0.263367437,0.108732419,0.145320976,0.008272364,0.442043236,0.49175564,0.019793209,0.281621408,0.080073539,0.103470399,0.202750993,0.374543921,0.532011791,0.210235534,0.410310141,0.130109838,0.239780701,0.396832698,0.519645733,0.475875019,0.217634206,0.261819076,0.336516078,0.174771902,0.559845257,0.642308098,0.294036531,0.236232994
0.086466443,0.184120821,0.07143047,0.128052321,0.19116251,0.187489931,0.247755248,0.236241848,0.196505335,0.044019556,0.300939516,0.224434452,0.186930182,0.000863308,0.010677189,0.228122345,0.000354589,0.26645508,0.115214307,0.087976745,0.276399404,0.134935454,0.138892382,0.312396664,0.207374518,0.155065376,0.15869252,0.030180727,0.046041882,0.138104643,0.144559482,0.299122015,0.009723238,0.08099045,0.26261841,0.050678985,0.061862324,0.44915818,0.088464367,0.146138069,0.181367462,0.185122219,0.216174578,0.165980293,0.003726594,0.178210202,0.09891936,0.035066195,0.09693532,0.029842528,0.207175374,0.258277736,1,0.129001985,0.262309856,0.083785542,0.078389589,0.046696391,0.069341143,0.005766908,0.178210631,0.211267612,0.008984107,0.089086627,0.051453098,0.054948553,0.111581613,0.199568305,0.320983378,0.127056873,0.11589756,0.112692128,0.089198725,0.199713207,0.259556674,0.154857356,0.066285084,0.149522555,0.138942293,0.071641154,0.257165125,0.268028923,0.156207166,0.09947507
0.199321688,0.538438934,0.408788509,0.676634755,0.616674923,0.102055254,0.324002774,0.125755677,0.310164685,0.451696664,0.570276924,0.317256955,0.185230504,0.022664991,0.201144689,0.127266064,0.006289243,0.330286744,0.396064061,0.030050104,0.288430817,0.035840323,0.601154449,0.362286182,0.615929687,0.492777055,0.311817096,0.13839763,0.59855769,0.595136133,0.133542656,0.260678275,0.160576544,0.24201567,0.500997846,0.118155083,0.072499366,0.262499544,0.758014517,0.35379256,0.099303564,0.588406657,0.14662576,0.076564082,0.068518061,0.10865143,0.472431767,0.316305497,0.29090099,0.303065617,0.620968992,0.341293444,0.129001985,1,0.423673415,0.766099158,0.059366712,0.495875018,0.539833527,0.002293627,0.727900137,0.607613534,0.142753451,0.049820295,0.305037216,0.419375737,0.158451117,0.110549496,0.213290884,0.426039823,0.68466791,0.128668846,0.067401639,0.120468964,0.26787329,0.333500922,0.047453593,0.032547192,0.519705066,0.161696236,0.129981361,0.575551065,0.242568081,0.126714672
0.395040108,0.595212295,0.4147283,0.60959217,0.712914036,0.218356194,0.681989933,0.533173625,0.719611443,0.186158484,0.689518861,0.700996662,0.507823557,0.007568715,0.069446181,0.408757037,0.003175823,0.699574784,0.433843107,0.098507702,0.661370872,0.092956687,0.255861915,0.501465733,0.561388604,0.610356416,0.339428788,0.23349284,0.200580817,0.293650721,0.338447467,0.469033153,0.078987567,0.156656636,0.558940198,0.221143137,0.205655246,0.423487027,0.318335823,0.569342175,0.357157252,0.590453307,0.334581967,0.131814261,0.026044017,0.207765046,0.316793846,0.156593488,0.193109498,0.154446174,0.614202432,0.543528419,0.262309856,0.423673415,1,0.30008759,0.105058932,0.194890235,0.391087765,0.002638127,0.44533695,0.634790325,0.06910501,0.16709523,0.290851357,0.197352405,0.10534342,0.230226868,0.560423457,0.58815141,0.406453571,0.391594469,0.097410956,0.246534839,0.585151448,0.298873465,0.079847329,0.17302877,0.373617976,0.103339175,0.352034913,0.697035041,0.565432224,0.10255241
0.110819443,0.529878363,0.276990309,0.517615333,0.471034663,0.092666111,0.221562866,0.092424321,0.232066556,0.346508452,0.398489163,0.192636701,0.131378969,0.011443587,0.120449235,0.099962143,0.003365884,0.24080134,0.287988987,0.026849336,0.171045124,0.026003437,0.658712121,0.303541301,0.534265772,0.32894495,0.263554627,0.081561002,0.523227587,0.677279958,0.10042365,0.185004055,0.088368503,0.224128334,0.417871516,0.063975108,0.038840411,0.163449057,0.656871176,0.201021871,0.070030653,0.550660059,0.128644006,0.066772946,0.033385868,0.09832578,0.297918627,0.220239753,0.413948056,0.193565931,0.564541649,0.282345456,0.083785542,0.766099158,0.30008759,1,0.058522235,0.363278916,0.419876753,0.002616695,0.648554792,0.55729708,0.081634457,0.032521572,0.184274511,0.294356407,0.110981741,0.100120272,0.143877361,0.273232907,0.597884235,0.071191565,0.056993038,0.109249966,0.191219836,0.300122244,0.047568498,0.022216673,0.546936603,0.188959017,0.097564304,0.472116865,0.157650551,0.111087738
0.005076218,0.134148555,0.00674068,0.039290224,0.05276529,0.613756193,0.044832141,0.085437693,0.105422137,0.005674716,0.118174996,0.075959426,0.107339448,1.10E-05,0.000441506,0.214982767,1.49E-06,0.091254852,0.016407386,0.101261891,0.142393817,0.362819108,0.120575864,0.308496855,0.159703663,0.036372939,0.031490441,0.001165094,0.007112304,0.161566618,0.013741715,0.187536716,0.000355431,0.229051605,0.30460687,0.011644041,0.004368995,0.092752461,0.025000378,0.022205518,0.048096967,0.254064836,0.387834831,0.600651366,8.69E-05,0.637415379,0.015418271,0.00242556,0.250863538,0.001766021,0.096270744,0.263367437,0.078389589,0.059366712,0.105058932,0.058522235,1,0.004755445,0.011778001,0.079136103,0.099663731,0.137582789,0.000274107,0.07273831,0.002938098,0.006608215,0.245065806,0.60853132,0.229068478,0.019235042,0.094046877,0.008251488,0.600483476,0.61616162,0.047045178,0.417502885,0.936833755,0.212334367,0.162655863,0.145776385,0.19242643,0.185530746,0.01310161,0.403560956
0.29706339,0.18748959,0.579875695,0.448654426,0.439806516,0.011947268,0.204254129,0.051776062,0.134113657,0.681255388,0.234132816,0.175631674,0.092075117,0.205344068,0.513748152,0.028726824,0.077776639,0.200438158,0.338547499,0.010536241,0.112501577,0.003945753,0.205747281,0.096439069,0.248080015,0.422983162,0.191330917,0.281606048,0.868548595,0.211459704,0.147660122,0.082270729,0.394852344,0.034280822,0.12370712,0.118962093,0.098799853,0.108011067,0.718075579,0.317672728,0.06288364,0.168106454,0.02952238,0.006917214,0.354192876,0.012662875,0.641709695,0.60562982,0.049912029,0.681440518,0.283833666,0.108732419,0.046696391,0.495875018,0.194890235,0.363278916,0.004755445,1,0.556952785,6.73E-05,0.416489694,0.226463693,0.41533764,0.019711462,0.468899154,0.577256553,0.019545366,0.013492209,0.051402079,0.342699216,0.290691981,0.124130105,0.004666216,0.014961591,0.205091956,0.053503092,0.003470878,0.006461682,0.164519031,0.02022647,0.034321789,0.203229919,0.253807075,0.013055147
0.376703343,0.341999134,0.714158975,0.728524729,0.671266143,0.034153321,0.339580535,0.091421117,0.263152849,0.484715613,0.408872958,0.296849515,0.124055461,0.064608774,0.329519727,0.07322738,0.023221345,0.243840665,0.43962701,0.011364709,0.22193973,0.009375618,0.224777837,0.166332016,0.414040298,0.677610853,0.315232123,0.397694993,0.599723747,0.277994133,0.166452289,0.138276586,0.320753518,0.093800733,0.217597496,0.168811475,0.089256854,0.185186204,0.631820739,0.423788166,0.064895904,0.336333381,0.043388762,0.018935613,0.177703517,0.034349761,0.535675023,0.350160169,0.114908863,0.399022908,0.417221145,0.145320976,0.069341143,0.539833527,0.391087765,0.419876753,0.011778001,0.556952785,1,0.000246074,0.449432193,0.378741302,0.303412473,0.026694052,0.614831252,0.475645538,0.038493069,0.037317014,0.115828077,0.587157692,0.365671584,0.186552854,0.012829173,0.040691215,0.211534411,0.113481846,0.00840527,0.013672197,0.33723592,0.035183276,0.05483212,0.333265947,0.30940432,0.031479178
4.86E-05,0.005120547,8.61E-05,0.001000949,0.001077182,0.062933469,0.00086388,0.001610915,0.001839652,0.000101576,0.003971075,0.001233489,0.002536457,4.41E-08,8.80E-06,0.008062144,4.88E-09,0.002111014,0.000501366,0.004350528,0.003561069,0.040822883,0.005560688,0.016034026,0.006545952,0.00082998,0.001323407,6.97E-06,0.000115813,0.009111033,0.000323732,0.010004946,4.92E-06,0.040412828,0.014270273,0.000170808,5.47E-05,0.003500143,0.000605965,0.000411543,0.000906952,0.010057773,0.022388924,0.072261303,5.59E-07,0.065356951,0.000294798,2.77E-05,0.025716461,1.99E-05,0.003250761,0.008272364,0.005766908,0.002293627,0.002638127,0.002616695,0.079136103,6.73E-05,0.000246074,1,0.004243492,0.005457452,3.44E-06,0.005281385,4.62E-05,0.000115968,0.053930566,0.061118364,0.012292948,0.000355082,0.002631326,0.000133378,0.087752777,0.05894379,0.000884745,0.030406288,0.074702155,0.006570962,0.009910891,0.028129081,0.008146065,0.006764741,0.000186593,0.069050716
0.184049209,0.542451666,0.31771436,0.544547322,0.615805874,0.175718846,0.344119233,0.156762233,0.334410979,0.340432798,0.597209087,0.398602418,0.259421578,0.013242499,0.108510021,0.169566963,0.002737547,0.411380868,0.320487077,0.062782663,0.400603758,0.069179865,0.503377348,0.466089054,0.726192103,0.574898715,0.272235896,0.09341226,0.470627372,0.721833945,0.16907773,0.321516748,0.090600986,0.258146116,0.54054227,0.168391428,0.090583904,0.356505883,0.705316885,0.35824102,0.13531597,0.615637323,0.215607385,0.12326318,0.046217092,0.188090776,0.577905619,0.203338095,0.361579582,0.191965851,0.605266253,0.442043236,0.178210631,0.727900137,0.44533695,0.648554792,0.099663731,0.416489694,0.449432193,0.004243492,1,0.61672005,0.078588587,0.096829868,0.196694511,0.321591278,0.225368192,0.188701571,0.274413034,0.33648336,0.545900804,0.134879501,0.107200467,0.202443863,0.323444792,0.402829027,0.080598301,0.07072119,0.651261839,0.124939716,0.17557522,0.610149561,0.226872422,0.162740076
0.228685558,0.939793935,0.296519735,0.616119976,0.630335747,0.275160868,0.405985672,0.316811377,0.520890045,0.203833485,0.666670693,0.521546895,0.286669172,0.005809924,0.062060634,0.323896149,0.00183166,0.463433248,0.394446204,0.069551694,0.468018739,0.070309853,0.470296043,0.538051495,0.695293227,0.490464154,0.359648166,0.108879472,0.291427622,0.563960925,0.174691384,0.431744879,0.05576164,0.287246577,0.670583772,0.129907875,0.12272674,0.322456262,0.461619674,0.319734823,0.210349578,0.717163829,0.297258864,0.172389968,0.018750453,0.276784533,0.316167889,0.144806128,0.401106555,0.151656552,0.935335752,0.49175564,0.211267612,0.607613534,0.634790325,0.55729708,0.137582789,0.226463693,0.378741302,0.005457452,0.61672005,1,0.049297181,0.115287965,0.210560656,0.200456103,0.162230148,0.290052776,0.419816817,0.43117928,0.497865953,0.175228144,0.136721822,0.305118223,0.376095327,0.47887887,0.110206286,0.110964604,0.573851959,0.161596138,0.283153774,0.698385686,0.296568116,0.162136866
0.300405235,0.041114107,0.457683936,0.195967938,0.157400633,0.001033423,0.110846968,0.016505897,0.045843228,0.277139215,0.066757453,0.051125992,0.024825028,0.276890961,0.866430146,0.004683925,0.2109103,0.062732253,0.238598818,0.001117753,0.029813505,0.000324377,0.028666086,0.013534317,0.046611563,0.151910671,0.054027915,0.41901452,0.316142709,0.026768302,0.07391729,0.012708466,0.887369566,0.004433368,0.020527066,0.046258373,0.082859478,0.024150656,0.205290408,0.189831075,0.019265245,0.031232253,0.004290772,0.000476258,0.459196035,0.00102199,0.208776665,0.459799005,0.005093324,0.50582093,0.069667977,0.019793209,0.008984107,0.142753451,0.06910501,0.081634457,0.000274107,0.41533764,0.303412473,3.44E-06,0.078588587,0.049297181,1,0.004040062,0.461817619,0.246707563,0.002397756,0.001198771,0.012353331,0.232823429,0.064398748,0.11332814,0.000356802,0.00135783,0.072671516,0.005583305,0.000168283,0.000883399,0.025743688,0.00327109,0.005467806,0.051733619,0.194394289,0.001016278
0.038515446,0.086306259,0.039749246,0.056236646,0.111190603,0.113966107,0.09439707,0.224914213,0.081845191,0.01032176,0.101110925,0.115538944,0.441577976,0.000402311,0.004392899,0.185336527,0.00015726,0.314785516,0.040790407,0.270126647,0.188580366,0.096541081,0.028671905,0.168632889,0.15390105,0.114132813,0.035963936,0.01062595,0.01659105,0.064136907,0.186825672,0.192991107,0.004065915,0.023310037,0.147222828,0.101119497,0.077245313,0.082705345,0.04075337,0.135831442,0.291651701,0.10835118,0.292316649,0.086000009,0.001739297,0.113650899,0.049433128,0.008027495,0.043757946,0.009534228,0.103583697,0.281621408,0.089086627,0.049820295,0.16709523,0.032521572,0.07273831,0.019711462,0.026694052,0.005281385,0.096829868,0.115287965,0.004040062,1,0.017642129,0.011665926,0.049604291,0.121320028,0.289933642,0.041512946,0.059908496,0.05848685,0.068306183,0.122260179,0.266269415,0.080862177,0.052278637,0.281202319,0.072059477,0.023429293,0.392105469,0.117568008,0.094988198,0.051667069
0.503892254,0.181496365,0.787735936,0.512324937,0.496753391,0.010408684,0.285536134,0.080848302,0.194251506,0.341174548,0.241617418,0.209738265,0.090610516,0.103014022,0.454128634,0.034612105,0.080742653,0.196363875,0.430906168,0.006402654,0.139821149,0.003120739,0.09898483,0.071092471,0.186752396,0.45323346,0.196757751,0.672442649,0.44785103,0.08731742,0.147717808,0.086334431,0.473488088,0.023365973,0.100134295,0.089476965,0.146405239,0.098365117,0.399886074,0.384808063,0.078091744,0.132340764,0.025029614,0.005492338,0.200210486,0.010185119,0.350421647,0.442347197,0.027089207,0.517078515,0.265595567,0.080073539,0.051453098,0.305037216,0.290851357,0.184274511,0.002938098,0.468899154,0.614831252,4.62E-05,0.196694511,0.210560656,0.461817619,0.017642129,1,0.336943159,0.011021675,0.011591932,0.069627598,0.520022134,0.190973654,0.238925915,0.003210357,0.012865655,0.196674433,0.035313535,0.002055225,0.00732937,0.101639479,0.015836277,0.034315183,0.185571123,0.411738742,0.007122127
0.236175459,0.175961796,0.436043227,0.506581832,0.348278172,0.01849691,0.213007102,0.041125279,0.167550016,0.867649264,0.285847629,0.153781248,0.081129002,0.103897758,0.301993542,0.027731998,0.036194768,0.17516177,0.390302897,0.008641737,0.110915372,0.007357415,0.248897998,0.117754355,0.205715218,0.347801753,0.339470031,0.197501183,0.51002298,0.197393718,0.098233411,0.079810344,0.230242987,0.068701471,0.147667113,0.082044196,0.051221728,0.136148518,0.445029068,0.243622006,0.042934086,0.192730019,0.027664276,0.010789411,0.216426639,0.018949521,0.493511469,0.594501178,0.057474127,0.559869641,0.225830632,0.103470399,0.054948553,0.419375737,0.197352405,0.294356407,0.006608215,0.577256553,0.475645538,0.000115968,0.321591278,0.200456103,0.246707563,0.011665926,0.336943159,1,0.024290137,0.020652311,0.044797557,0.398687366,0.280315725,0.088313642,0.005749344,0.022264244,0.133318791,0.070081118,0.004824716,0.004529823,0.171509316,0.029148227,0.025911905,0.243072223,0.198615417,0.024009507
0.014172147,0.13782928,0.019284902,0.079646866,0.087534479,0.297942796,0.072584313,0.039384077,0.081161737,0.020871547,0.237762953,0.092966437,0.073722843,8.60E-05,0.003875635,0.088510784,1.00E-05,0.08693603,0.044421612,0.027787186,0.180297963,0.199120794,0.154004793,0.280366077,0.231361957,0.081632029,0.047620613,0.003435639,0.025500805,0.240341626,0.015464504,0.130751428,0.003687763,0.363363954,0.326556773,0.028355823,0.010116602,0.219309206,0.076190065,0.061371274,0.02525384,0.232807275,0.171027905,0.307766545,0.000739928,0.326756316,0.060990374,0.009509346,0.222481161,0.006970351,0.121514783,0.202750993,0.111581613,0.158451117,0.10534342,0.110981741,0.245065806,0.019545366,0.038493069,0.053930566,0.225368192,0.162230148,0.002397756,0.049604291,0.011021675,0.024290137,1,0.304768826,0.195549035,0.045436983,0.130076234,0.019014507,0.392802654,0.317698884,0.048857841,0.432596611,0.219184662,0.073596464,0.245269251,0.132691149,0.097840845,0.23472135,0.021729896,0.3923473
0.022452954,0.292302638,0.022049561,0.104190678,0.124316779,0.986931571,0.117067042,0.155359142,0.228136749,0.016739684,0.280100079,0.187278118,0.168147761,5.35E-05,0.001679672,0.324486296,9.31E-06,0.181765933,0.059659793,0.114405366,0.286623835,0.388060135,0.187327838,0.560176649,0.26886101,0.098161024,0.107639692,0.005008686,0.017737111,0.240307484,0.038235448,0.326535856,0.001517282,0.374293497,0.49471107,0.031396671,0.016956653,0.233036016,0.053243407,0.054799284,0.089561604,0.395811407,0.448737025,0.6911025,0.00038322,0.978285822,0.046999602,0.007842721,0.316518951,0.006531452,0.21747245,0.374543921,0.199568305,0.110549496,0.230226868,0.100120272,0.60853132,0.013492209,0.037317014,0.061118364,0.188701571,0.290052776,0.001198771,0.121320028,0.011591932,0.020652311,0.304768826,1,0.339503514,0.066085686,0.130829024,0.026423064,0.487744775,0.982264784,0.099254144,0.614010958,0.520808611,0.254212646,0.260129646,0.161527019,0.273393853,0.360342073,0.041996114,0.423583706
0.119880047,0.367338962,0.115991751,0.223564011,0.351179535,0.328063821,0.375608526,0.588591221,0.366492177,0.039470139,0.407266059,0.450928227,0.46726066,0.000778119,0.012982178,0.582058824,0.000278264,0.496095173,0.126348847,0.175982257,0.569210625,0.190710768,0.135888624,0.413998644,0.447532716,0.283316026,0.118758204,0.047030169,0.057215128,0.227461984,0.213751419,0.474724609,0.014866916,0.129751178,0.492266939,0.123030148,0.09764364,0.382968628,0.129463601,0.305585083,0.335170316,0.423096945,0.443276018,0.28280418,0.003924049,0.316217616,0.118060077,0.029064848,0.202462193,0.029130588,0.377482401,0.532011791,0.320983378,0.213290884,0.560423457,0.143877361,0.229068478,0.051402079,0.115828077,0.012292948,0.274413034,0.419816817,0.012353331,0.289933642,0.069627598,0.044797557,0.195549035,0.339503514,1,0.189354888,0.229094934,0.19271306,0.283666958,0.356840141,0.419749541,0.302117292,0.189778942,0.408709817,0.29878691,0.097029336,0.594612891,0.424216416,0.237131693,0.169711354
0.673031206,0.413720289,0.605829149,0.702461685,0.591194427,0.061870521,0.595037014,0.203556611,0.536406216,0.383275624,0.586602341,0.506286663,0.187935558,0.037543547,0.21324428,0.126289663,0.015614921,0.364175379,0.735311577,0.015983318,0.342734179,0.015879259,0.189724599,0.25298412,0.314802505,0.55272339,0.372364723,0.456065396,0.307607977,0.180251824,0.22097672,0.173563952,0.253803392,0.107249723,0.284686291,0.225215551,0.226006501,0.293848786,0.355119708,0.550724083,0.136411641,0.327232853,0.082805385,0.02838996,0.097182864,0.057651222,0.433649069,0.381378761,0.078525716,0.377320081,0.44744016,0.210235534,0.127056873,0.426039823,0.58815141,0.273232907,0.019235042,0.342699216,0.587157692,0.000355082,0.33648336,0.43117928,0.232823429,0.041512946,0.520022134,0.398687366,0.045436983,0.066085686,0.189354888,1,0.29403963,0.430986269,0.019570182,0.072402342,0.336025818,0.13542757,0.013436196,0.03056065,0.21972349,0.041952934,0.088339277,0.488115586,0.552039259,0.031980929
0.126992532,0.430918463,0.300622116,0.532242257,0.537038442,0.119266368,0.244372951,0.148348719,0.288135568,0.28415879,0.485522589,0.259948182,0.263094616,0.008647689,0.085194925,0.173268761,0.002633601,0.343347572,0.236910112,0.053667847,0.266928194,0.055458793,0.568617056,0.389978596,0.581246815,0.393937557,0.229057126,0.092799171,0.377078572,0.547049107,0.135106476,0.306636236,0.074792622,0.217147183,0.542184577,0.087870557,0.04689655,0.229697885,0.548620626,0.278190507,0.109495372,0.605692185,0.17987843,0.099133988,0.029433212,0.127131384,0.312207546,0.188426136,0.297426125,0.152586814,0.479238654,0.410310141,0.11589756,0.68466791,0.406453571,0.597884235,0.094046877,0.290691981,0.365671584,0.002631326,0.545900804,0.497865953,0.064398748,0.059908496,0.190973654,0.280315725,0.130076234,0.130829024,0.229094934,0.29403963,1,0.081536054,0.086720753,0.138453188,0.256051055,0.335196953,0.081494666,0.043903881,0.470238905,0.173424305,0.16579262,0.505691138,0.188578893,0.182234438
0.563761499,0.16301742,0.303121363,0.216639716,0.283059596,0.0248985,0.537432105,0.275127695,0.324604497,0.095227686,0.244646447,0.415735691,0.174181636,0.015340311,0.084524208,0.091032087,0.008834386,0.312557585,0.340404224,0.015061665,0.264774608,0.009262553,0.037935037,0.099426815,0.120789486,0.281312685,0.08397819,0.339526566,0.092084585,0.047114606,0.254733973,0.094560488,0.135014064,0.017566824,0.100816223,0.226306976,0.48838685,0.194148853,0.115672079,0.52812286,0.235990844,0.100771028,0.07184789,0.010701566,0.034967249,0.022111702,0.184707191,0.141293315,0.018570213,0.135933059,0.194677742,0.130109838,0.112692128,0.128668846,0.391594469,0.071191565,0.008251488,0.124130105,0.186552854,0.000133378,0.134879501,0.175228144,0.11332814,0.05848685,0.238925915,0.088313642,0.019014507,0.026423064,0.19271306,0.430986269,0.081536054,1,0.009569631,0.029782374,0.425792149,0.034590554,0.0056789,0.053959627,0.064221979,0.011760303,0.084249314,0.210595003,0.611111155,0.006564556
0.005398685,0.123636465,0.00716482,0.038166928,0.052825765,0.490876931,0.048112338,0.078600596,0.083624571,0.004587758,0.134415732,0.078161905,0.089493641,9.04E-06,0.000525788,0.201558709,1.25E-06,0.076362693,0.013973978,0.064485712,0.164421195,0.348701702,0.092486067,0.259621668,0.170389631,0.040157744,0.02123147,0.001191896,0.00723807,0.151488626,0.012141243,0.179526032,0.000543245,0.206468996,0.305861197,0.0115027,0.004447728,0.116029893,0.027031865,0.02667333,0.035987007,0.223751808,0.299838521,0.610252251,9.46E-05,0.522061885,0.018052749,0.002036927,0.228628486,0.001510486,0.093354721,0.239780701,0.089198725,0.067401639,0.097410956,0.056993038,0.600483476,0.004666216,0.012829173,0.087752777,0.107200467,0.136721822,0.000356802,0.068306183,0.003210357,0.005749344,0.392802654,0.487744775,0.283666958,0.019570182,0.086720753,0.009569631,1,0.497482338,0.042267174,0.416173007,0.577127959,0.211907527,0.171257582,0.130264699,0.189264977,0.17714475,0.013781854,0.407398236
0.024608113,0.308624876,0.024520115,0.113018182,0.135468337,0.988600535,0.128371855,0.164413686,0.250726017,0.018513466,0.297502195,0.200808061,0.178190198,6.06E-05,0.001887298,0.326282572,1.08E-05,0.193752918,0.064172062,0.116963556,0.302770805,0.382990239,0.19604795,0.581903971,0.284006899,0.10551603,0.109289571,0.005755056,0.019574738,0.247335068,0.040537313,0.326325329,0.001726971,0.378967608,0.518482703,0.033967575,0.018312181,0.243029603,0.057941684,0.060331546,0.094918499,0.417278837,0.46421697,0.682780784,0.000426268,0.978083343,0.051029025,0.0087776,0.321334716,0.007327129,0.229294926,0.396832698,0.199713207,0.120468964,0.246534839,0.109249966,0.61616162,0.014961591,0.040691215,0.05894379,0.202443863,0.305118223,0.00135783,0.122260179,0.012865655,0.022264244,0.317698884,0.982264784,0.356840141,0.072402342,0.138453188,0.029782374,0.497482338,1,0.106319874,0.639464825,0.52866072,0.256418256,0.271359441,0.168282124,0.279197734,0.386487625,0.046601765,0.413273492
0.357112697,0.312283645,0.352174721,0.322177544,0.507389713,0.091561167,0.579396167,0.602369039,0.37854121,0.137872529,0.37571277,0.474928786,0.605790871,0.012376243,0.066287038,0.31211666,0.007405542,0.830604992,0.297312724,0.16200581,0.403647862,0.051292845,0.138636643,0.324294705,0.347424042,0.413317785,0.178139072,0.187403278,0.179878286,0.178460484,0.567768557,0.353953436,0.076380082,0.042055805,0.329554186,0.276362711,0.379945836,0.314975669,0.252610533,0.584839111,0.62694101,0.291696098,0.318379444,0.05955649,0.031458784,0.088083799,0.267239663,0.145246744,0.082152456,0.149276292,0.402819915,0.519645733,0.259556674,0.26787329,0.585151448,0.191219836,0.047045178,0.205091956,0.211534411,0.000884745,0.323444792,0.376095327,0.072671516,0.266269415,0.196674433,0.133318791,0.048857841,0.099254144,0.419749541,0.336025818,0.256051055,0.425792149,0.042267174,0.106319874,1,0.126082137,0.03513253,0.166342413,0.175587139,0.050777591,0.419354217,0.393745529,0.685019508,0.043054972
0.040805887,0.45080888,0.063744023,0.243762908,0.251871229,0.601789963,0.163570196,0.121794283,0.276807763,0.06258024,0.464361524,0.243493574,0.179227421,0.000356061,0.008161278,0.252037481,5.79E-05,0.225468201,0.11304404,0.070308104,0.316193509,0.218697344,0.422369349,0.685837216,0.484685778,0.198891762,0.168110009,0.01342949,0.076850792,0.474154082,0.043342828,0.34650942,0.007397785,0.532068831,0.754481187,0.056487142,0.020612702,0.278950939,0.180892298,0.104919413,0.072367325,0.655646397,0.353796064,0.504922197,0.002171753,0.638219695,0.127287914,0.028681705,0.463210979,0.024852928,0.37309333,0.475875019,0.154857356,0.333500922,0.298873465,0.300122244,0.417502885,0.053503092,0.113481846,0.030406288,0.402829027,0.47887887,0.005583305,0.080862177,0.035313535,0.070081118,0.432596611,0.614010958,0.302117292,0.13542757,0.335196953,0.034590554,0.416173007,0.639464825,0.126082137,1,0.363645199,0.118374211,0.467138293,0.238033268,0.231267119,0.551366252,0.066339698,0.496369326
0.0033548,0.107165179,0.0047166,0.029444891,0.04049091,0.526426585,0.032243834,0.066301394,0.081600745,0.004166064,0.092665929,0.05910715,0.083896129,6.54E-06,0.000282403,0.1752336,8.67E-07,0.068467971,0.010874055,0.085193449,0.113345285,0.328987414,0.105883921,0.258260207,0.129439681,0.027059932,0.021479434,0.000775395,0.0054433,0.137038119,0.00913469,0.158469942,0.000222004,0.191396988,0.25924881,0.007923641,0.002868258,0.075432598,0.020012551,0.015869907,0.038412323,0.208051789,0.325994177,0.549758344,5.37E-05,0.551507895,0.01143732,0.001722833,0.214842398,0.001215441,0.076422992,0.217634206,0.066285084,0.047453593,0.079847329,0.047568498,0.936833755,0.003470878,0.00840527,0.074702155,0.080598301,0.110206286,0.000168283,0.052278637,0.002055225,0.004824716,0.219184662,0.520808611,0.189778942,0.013436196,0.081494666,0.0056789,0.577127959,0.52866072,0.03513253,0.363645199,1,0.178102191,0.134262195,0.127477612,0.160541354,0.145084348,0.009073573,0.373838882
0.026122708,0.100414685,0.015818674,0.032984439,0.07653742,0.247576544,0.100438215,0.300943747,0.136934072,0.003722844,0.114442131,0.167748434,0.277283683,4.81E-05,0.000903981,0.282680851,1.19E-05,0.191536148,0.021902696,0.189709647,0.298004717,0.22277776,0.03037669,0.185406112,0.131907225,0.065874227,0.02132466,0.005976985,0.006638921,0.056100918,0.071306266,0.17459924,0.001035502,0.027755431,0.155388799,0.048361053,0.043241578,0.120730492,0.020665669,0.076016717,0.212062129,0.118626321,0.400264814,0.222481883,0.000294759,0.238156104,0.023402084,0.003204607,0.057695062,0.002686393,0.096736796,0.261819076,0.149522555,0.032547192,0.17302877,0.022216673,0.212334367,0.006461682,0.013672197,0.006570962,0.07072119,0.110964604,0.000883399,0.281202319,0.00732937,0.004529823,0.073596464,0.254212646,0.408709817,0.03056065,0.043903881,0.053959627,0.211907527,0.256418256,0.166342413,0.118374211,0.178102191,1,0.073391029,0.026974279,0.367886247,0.1435396,0.05574355,0.061903745
0.080420995,0.539214225,0.171512467,0.41852395,0.448788026,0.247159892,0.222411735,0.131126549,0.261394343,0.164094879,0.478346376,0.271073792,0.18730249,0.003099259,0.037111624,0.22518637,0.000521981,0.259426272,0.18073323,0.047700946,0.336804774,0.095805662,0.439743905,0.404913834,0.750607586,0.414530872,0.267429012,0.042855493,0.230818521,0.777806229,0.098744046,0.2860908,0.029412541,0.398423086,0.513601456,0.096392888,0.028806205,0.266426394,0.40704272,0.208303954,0.072777531,0.685802433,0.184796826,0.202148094,0.0140382,0.260113448,0.262941906,0.072983706,0.64644881,0.068304946,0.507511864,0.336516078,0.138942293,0.519705066,0.373617976,0.546936603,0.162655863,0.164519031,0.33723592,0.009910891,0.651261839,0.573851959,0.025743688,0.072059477,0.101639479,0.171509316,0.245269251,0.260129646,0.29878691,0.21972349,0.470238905,0.064221979,0.171257582,0.271359441,0.175587139,0.467138293,0.134262195,0.073391029,1,0.15358831,0.16582889,0.504083674,0.108925392,0.273281233
0.01015719,0.154042066,0.022903948,0.087842406,0.078729279,0.154472412,0.052874756,0.043996625,0.080471213,0.026739302,0.135778946,0.040817152,0.064461711,0.000122787,0.006207454,0.078747691,4.31E-05,0.086734772,0.054551462,0.02710463,0.066174046,0.093972521,0.309426295,0.232361677,0.143007923,0.045240986,0.08164021,0.004874981,0.033513824,0.209302641,0.016459048,0.135422534,0.003642213,0.202312558,0.264228805,0.006096855,0.005139719,0.066274708,0.071253377,0.032191401,0.036592753,0.218307023,0.210502292,0.17433412,0.000624619,0.158002034,0.022440999,0.016798464,0.269728996,0.011013003,0.136272353,0.174771902,0.071641154,0.161696236,0.103339175,0.188959017,0.145776385,0.02022647,0.035183276,0.028129081,0.124939716,0.161596138,0.00327109,0.023429293,0.015836277,0.029148227,0.132691149,0.161527019,0.097029336,0.041952934,0.173424305,0.011760303,0.130264699,0.168282124,0.050777591,0.238033268,0.127477612,0.026974279,0.15358831,1,0.108138915,0.213158143,0.028529925,0.205965514
0.058860804,0.232735027,0.067453999,0.122787591,0.220712602,0.259283167,0.211979539,0.519102374,0.196347521,0.022444018,0.232536444,0.245371033,0.499840666,0.000455463,0.006208761,0.525518325,0.000219539,0.477583758,0.066345756,0.325162358,0.320699427,0.185629906,0.11179349,0.404800376,0.297051257,0.162868369,0.090775307,0.021252859,0.037997957,0.167023987,0.194104977,0.492950049,0.005941657,0.064378558,0.417456321,0.084592394,0.064706128,0.219240983,0.084524957,0.175749485,0.408369108,0.289138791,0.536281877,0.263766612,0.002113003,0.256172302,0.065110614,0.01605844,0.148156715,0.018054462,0.258058122,0.559845257,0.257165125,0.129981361,0.352034913,0.097564304,0.19242643,0.034321789,0.05483212,0.008146065,0.17557522,0.283153774,0.005467806,0.392105469,0.034315183,0.025911905,0.097840845,0.273393853,0.594612891,0.088339277,0.16579262,0.084249314,0.189264977,0.279197734,0.419354217,0.231267119,0.160541354,0.367886247,0.16582889,0.108138915,1,0.275559649,0.16952361,0.148153644
0.238736133,0.673732205,0.295007478,0.588230919,0.604406037,0.346589475,0.559787941,0.310278409,0.704520004,0.224218757,0.801792928,0.540914207,0.384295741,0.004494309,0.060535385,0.287978826,0.001350939,0.556964501,0.440563851,0.082609575,0.586094679,0.14856713,0.518260773,0.687097448,0.634935152,0.48834236,0.355403994,0.112752936,0.230046052,0.481146406,0.172937142,0.417449756,0.060982387,0.321294103,0.763451409,0.142744337,0.121449999,0.434992663,0.393056606,0.384482799,0.226578875,0.744048802,0.430772194,0.23974912,0.017752487,0.345482648,0.343870066,0.178805425,0.319184822,0.142894622,0.645537765,0.642308098,0.268028923,0.575551065,0.697035041,0.472116865,0.185530746,0.203229919,0.333265947,0.006764741,0.610149561,0.698385686,0.051733619,0.117568008,0.185571123,0.243072223,0.23472135,0.360342073,0.424216416,0.488115586,0.505691138,0.210595003,0.17714475,0.386487625,0.393745529,0.551366252,0.145084348,0.1435396,0.504083674,0.213158143,0.275559649,1,0.343712311,0.197837251
0.654392714,0.260095223,0.592743523,0.419370973,0.525373556,0.038952902,0.701103299,0.417179674,0.432104515,0.198571638,0.35739595,0.434328184,0.357321736,0.028245803,0.148887821,0.146511006,0.02613156,0.61412271,0.470073869,0.04974256,0.311114686,0.017729308,0.095842718,0.181126901,0.226692812,0.43489286,0.190749931,0.485055581,0.213035445,0.095816655,0.448916115,0.193868091,0.206960307,0.025816257,0.210054203,0.188885177,0.445772245,0.231352783,0.24104175,0.610576176,0.405453532,0.199794283,0.137466703,0.020372157,0.065072806,0.036041225,0.296897625,0.279853298,0.037769268,0.287279122,0.338075595,0.294036531,0.156207166,0.242568081,0.565432224,0.157650551,0.01310161,0.253807075,0.30940432,0.000186593,0.226872422,0.296568116,0.194394289,0.094988198,0.411738742,0.198615417,0.021729896,0.041996114,0.237131693,0.552039259,0.188578893,0.611111155,0.013781854,0.046601765,0.685019508,0.066339698,0.009073573,0.05574355,0.108925392,0.028529925,0.16952361,0.343712311,1,0.014978771
0.00689934,0.136804429,0.014597075,0.078796598,0.078614044,0.407019527,0.046894552,0.045425162,0.067811805,0.017837589,0.179604564,0.061069779,0.090792851,5.02E-05,0.001760039,0.162786782,6.72E-06,0.089909233,0.026372473,0.060471014,0.115947277,0.291751068,0.207191878,0.358036746,0.229320577,0.064344988,0.072974272,0.002026003,0.019406454,0.286816632,0.016397133,0.230168209,0.001332063,0.446285044,0.396042403,0.016495787,0.003179616,0.148310656,0.05745361,0.033603653,0.02620514,0.318927136,0.195269343,0.473801435,0.000449361,0.444413015,0.034353894,0.005478865,0.370599356,0.004508428,0.110810595,0.236232994,0.09947507,0.126714672,0.10255241,0.111087738,0.403560956,0.013055147,0.031479178,0.069050716,0.162740076,0.162136866,0.001016278,0.051667069,0.007122127,0.024009507,0.3923473,0.423583706,0.169711354,0.031980929,0.182234438,0.006564556,0.407398236,0.413273492,0.043054972,0.496369326,0.373838882,0.061903745,0.273281233,0.205965514,0.148153644,0.197837251,0.014978771,1
